P49760,GO:0016604;GO:0016607;GO:0005654;GO:0005634;GO:0005524;GO:0042802;GO:0106310;GO:0004674;GO:0004712;GO:0004713;GO:0045721;GO:0046777;GO:0006468;GO:0043484;GO:0010212
P07333,GO:0009986;GO:1990682;GO:0043231;GO:0005654;GO:0005886;GO:0043235;GO:0005524;GO:0019955;GO:0019838;GO:0005011;GO:0042803;GO:0019903;GO:0004713;GO:0007411;GO:0008283;GO:0045217;GO:0071345;GO:0036006;GO:0019221;GO:0021879;GO:0030097;GO:0006954;GO:0045087;GO:0038145;GO:0030225;GO:0060603;GO:0061518;GO:0030224;GO:0043066;GO:0008285;GO:0021772;GO:0030316;GO:0018108;GO:0044794;GO:0030335;GO:2000147;GO:0008284;GO:0032722;GO:0070374;GO:0010759;GO:0120041;GO:0051897;GO:0001934;GO:0061098;GO:0042531;GO:0046777;GO:0032956;GO:0045124;GO:0008360;GO:1905521;GO:0043408;GO:0002931;GO:0031529;GO:0007165;GO:0007169
P06239,GO:0005829;GO:0070062;GO:0031234;GO:0001772;GO:0045121;GO:0000242;GO:0005886;GO:0005524;GO:0051117;GO:0042609;GO:0042610;GO:0042802;GO:0004715;GO:0043548;GO:0016004;GO:0043274;GO:0001784;GO:0019901;GO:0019903;GO:0004722;GO:0004713;GO:0042169;GO:0005102;GO:0042608;GO:0006919;GO:0050853;GO:0038094;GO:0030097;GO:0045087;GO:0035556;GO:0006882;GO:0050900;GO:0038083;GO:0018108;GO:0030168;GO:0034116;GO:2001244;GO:1903039;GO:0050870;GO:0050862;GO:0006468;GO:0051249;GO:0051209;GO:0009410;GO:0031295;GO:0030217;GO:0050852;GO:0007169
P36507,GO:0005911;GO:0009898;GO:0005829;GO:0005769;GO:0005783;GO:0005576;GO:0005925;GO:0005794;GO:0005770;GO:0005874;GO:0005739;GO:0005634;GO:0048471;GO:0005778;GO:0005524;GO:0004708;GO:0005078;GO:0046872;GO:0030165;GO:0106310;GO:0043539;GO:0004674;GO:0004712;GO:0004713;GO:0097110;GO:0060502;GO:0038133;GO:0070371;GO:0060324;GO:0007507;GO:0048009;GO:0000165;GO:0042552;GO:0036289;GO:0050772;GO:2000147;GO:0045893;GO:0010628;GO:0071902;GO:0048679;GO:2000641;GO:0090170;GO:0032872;GO:0014044;GO:0048538;GO:0030878;GO:0060440
P45984,GO:0005737;GO:0005829;GO:0005739;GO:0016607;GO:0005654;GO:0005634;GO:0005886;GO:0098685;GO:0005524;GO:0004705;GO:0106310;GO:0004674;GO:0004712;GO:0097190;GO:0071276;GO:0034614;GO:0090398;GO:0038095;GO:0090594;GO:0007254;GO:0050804;GO:0018105;GO:2001235;GO:1900017;GO:0010628;GO:0010744;GO:0071803;GO:0032436;GO:0031398;GO:0061833;GO:0006468;GO:0042752;GO:0048511
P16234,GO:0030054;GO:0005929;GO:0005737;GO:0005789;GO:0009897;GO:0005794;GO:0016020;GO:0005902;GO:0005654;GO:0005634;GO:0005886;GO:0032991;GO:0043235;GO:0005524;GO:0062063;GO:0005018;GO:0048407;GO:0005161;GO:0042803;GO:0004672;GO:0004714;GO:0038085;GO:0005021;GO:0030325;GO:0055003;GO:0001775;GO:0060326;GO:0071230;GO:0034614;GO:0048701;GO:0048557;GO:0048704;GO:0008210;GO:0030198;GO:0060325;GO:0002244;GO:0001701;GO:0033327;GO:0030324;GO:0001553;GO:0030539;GO:0072277;GO:0010544;GO:0042475;GO:0018108;GO:0070527;GO:0048008;GO:0035790;GO:0050850;GO:0030335;GO:0008284;GO:0038091;GO:0050921;GO:0070374;GO:0048146;GO:0051897;GO:0010863;GO:0042327;GO:0046777;GO:0032956;GO:2000739;GO:0080090;GO:0061298;GO:0060021;GO:0023019;GO:0007169;GO:0050872;GO:0042060
Q13131,GO:0016324;GO:0030424;GO:0000785;GO:0005737;GO:0005829;GO:0030425;GO:0043025;GO:0016607;GO:0005654;GO:0031588;GO:0005634;GO:0050405;GO:0047322;GO:0004679;GO:0005524;GO:0004691;GO:0003682;GO:0140823;GO:0046872;GO:0004672;GO:0106310;GO:0004674;GO:0048156;GO:0050321;GO:0006914;GO:0015721;GO:0038183;GO:0061762;GO:0071277;GO:0071361;GO:0042149;GO:0071333;GO:0070301;GO:0071456;GO:0031669;GO:0071417;GO:0034599;GO:0071380;GO:0071466;GO:0006695;GO:0009631;GO:0097009;GO:0006633;GO:0055089;GO:0019395;GO:0042593;GO:0006006;GO:0035556;GO:0008610;GO:1905691;GO:0061744;GO:0043066;GO:0010629;GO:0046318;GO:1903944;GO:0046627;GO:0050995;GO:0032007;GO:1904262;GO:1904428;GO:0070050;GO:1904179;GO:0010508;GO:0008284;GO:0045542;GO:0045893;GO:0010628;GO:0045821;GO:1903109;GO:2000758;GO:1903829;GO:1903955;GO:0048643;GO:1990044;GO:0006468;GO:0120188;GO:0042752;GO:0070507;GO:0033135;GO:0062028;GO:0060627;GO:0014823;GO:0031000;GO:0043627;GO:0010332;GO:0001666;GO:0009411;GO:0048511;GO:0007165;GO:0016055
P17612,GO:0001669;GO:0034704;GO:0005952;GO:0005813;GO:0097546;GO:0005737;GO:0005829;GO:0043197;GO:0070062;GO:0098978;GO:0005739;GO:0031594;GO:0016607;GO:0005654;GO:0031588;GO:0005634;GO:0048471;GO:0005886;GO:0044853;GO:0036126;GO:0097225;GO:0004679;GO:0005524;GO:0004691;GO:0000287;GO:0030145;GO:0019904;GO:0034237;GO:0004672;GO:0019901;GO:0106310;GO:0004674;GO:0004712;GO:0031625;GO:0007189;GO:0035584;GO:0086064;GO:0070417;GO:0071872;GO:0071377;GO:0071333;GO:0034605;GO:0071374;GO:0019221;GO:0034380;GO:0001707;GO:0006397;GO:1904539;GO:0045879;GO:1904262;GO:0001843;GO:0018105;GO:0045722;GO:0032024;GO:0046827;GO:0099170;GO:0006611;GO:0010737;GO:1990044;GO:0006468;GO:2000810;GO:1903779;GO:0055117;GO:0010881;GO:0051726;GO:0051480;GO:0002027;GO:0016241;GO:0045667;GO:0061136;GO:0043393;GO:0070613;GO:0060314;GO:0003091;GO:0048240
P51817,GO:0005737;GO:0005654;GO:0005634;GO:0005524;GO:0004691;GO:0106310;GO:0001525;GO:0007155;GO:0031589;GO:0043542;GO:0001935;GO:0060562;GO:0060993;GO:0030099;GO:0018105;GO:0046777;GO:0030155;GO:0030334;GO:2000696
O14965,GO:0043203;GO:0016323;GO:0005814;GO:0005813;GO:0032133;GO:0036064;GO:0005829;GO:0042585;GO:0098978;GO:0000776;GO:0072687;GO:0005874;GO:0015630;GO:0030496;GO:0072686;GO:0097431;GO:0005654;GO:0005634;GO:0048471;GO:0014069;GO:0045120;GO:0005819;GO:0051233;GO:0031616;GO:0005524;GO:0035175;GO:0140677;GO:0046982;GO:0004672;GO:0019901;GO:0106310;GO:0004674;GO:0004712;GO:0031625;GO:0009948;GO:0006915;GO:0051301;GO:0051642;GO:0061523;GO:0000086;GO:0097421;GO:0000278;GO:0007100;GO:0007052;GO:0043066;GO:0010629;GO:0032091;GO:1990138;GO:0018105;GO:0090141;GO:0045931;GO:0045840;GO:1900195;GO:0032436;GO:0043161;GO:0046777;GO:0071539;GO:0006468;GO:0046605;GO:0032465;GO:0010389;GO:0031647;GO:1901796;GO:0009611;GO:0007057;GO:0007051
P06213,GO:0030424;GO:0005901;GO:0032590;GO:0010008;GO:0009897;GO:0070062;GO:0005899;GO:0005770;GO:0005764;GO:0016020;GO:0032809;GO:0005886;GO:0043235;GO:0001540;GO:0005524;GO:0038024;GO:0005525;GO:0042802;GO:0043559;GO:0005009;GO:0043560;GO:0031994;GO:0031995;GO:0005159;GO:0043548;GO:0019904;GO:0004713;GO:0044877;GO:0051425;GO:0032147;GO:0032148;GO:0030325;GO:0097242;GO:0005975;GO:0071363;GO:0032869;GO:0097062;GO:0008544;GO:0031017;GO:0007186;GO:0042593;GO:0003007;GO:0008286;GO:0007612;GO:0008584;GO:0030238;GO:0007613;GO:1990535;GO:0018108;GO:0030335;GO:0008284;GO:0048639;GO:0045893;GO:0046326;GO:0045725;GO:0045821;GO:0043406;GO:0043410;GO:0051446;GO:0045840;GO:0045429;GO:0051897;GO:0001934;GO:0043243;GO:0002092;GO:0060267;GO:0046777;GO:0006468;GO:0031623;GO:0006898;GO:0006355;GO:0045995;GO:2000194;GO:0007169;GO:0150104;GO:0046718
Q9P1W9,GO:0005737;GO:0005524;GO:0106310;GO:0004674;GO:0008637;GO:0000082;GO:0016236;GO:0043066;GO:0008285;GO:0010508;GO:0043123;GO:0045893;GO:0016239;GO:0006468;GO:0050821;GO:0007346;GO:0009615
Q14680,GO:0005938;GO:0005737;GO:0016020;GO:0005886;GO:0005524;GO:0005509;GO:0008289;GO:0004715;GO:0106310;GO:0004674;GO:0006915;GO:0008283;GO:0000086;GO:0030097;GO:0035556;GO:0008631;GO:0061351;GO:0043065;GO:0046777
Q13555,GO:0005954;GO:0005737;GO:0005829;GO:0030666;GO:0016020;GO:0043005;GO:0005654;GO:0033017;GO:0005524;GO:0004723;GO:0005516;GO:0004683;GO:0042802;GO:0042803;GO:0106310;GO:0030154;GO:0030073;GO:0007399;GO:0016310;GO:0051924;GO:0010975;GO:0014733
Q5VT25,GO:0042641;GO:0031252;GO:0005911;GO:0005737;GO:0005856;GO:0005829;GO:0070062;GO:0030027;GO:0005524;GO:0042802;GO:0000287;GO:0106310;GO:0004674;GO:0030036;GO:0031032;GO:0016477;GO:0006468
P15735,GO:0005829;GO:0005964;GO:0005524;GO:0005516;GO:0019899;GO:0004689;GO:0004674;GO:0050321;GO:0006091;GO:0005978;GO:0005980;GO:0005977;GO:0045819;GO:0006468
Q16513,GO:0043296;GO:0005813;GO:0032154;GO:0005737;GO:0005829;GO:0045111;GO:0030027;GO:0030496;GO:0016604;GO:0005654;GO:0005634;GO:0048471;GO:0005886;GO:0032991;GO:0005524;GO:0045296;GO:0004697;GO:0042826;GO:0016301;GO:0004672;GO:0106310;GO:0004674;GO:0003723;GO:0070063;GO:0031267;GO:0043297;GO:0006915;GO:0007155;GO:0007049;GO:0051301;GO:0030030;GO:0010631;GO:0035556;GO:0032467;GO:0045931;GO:0045070;GO:0006468;GO:2000145;GO:0007165
Q05655,GO:0035578;GO:0005911;GO:0005737;GO:0005829;GO:0036019;GO:0005783;GO:0070062;GO:0005576;GO:0005739;GO:0016363;GO:0005654;GO:0005634;GO:0048471;GO:0005886;GO:0005524;GO:0004697;GO:0004699;GO:0008047;GO:0019899;GO:0043560;GO:0046872;GO:0004715;GO:0004672;GO:0019901;GO:0106310;GO:0004674;GO:0032147;GO:0006915;GO:0042100;GO:0060326;GO:0007049;GO:1904385;GO:0070301;GO:0071447;GO:0034644;GO:0090398;GO:0042742;GO:0006974;GO:0038096;GO:0016064;GO:0035556;GO:0008631;GO:0030837;GO:0051490;GO:0034351;GO:0050728;GO:0046627;GO:0043407;GO:0050732;GO:0090331;GO:0032091;GO:0042119;GO:0018105;GO:0018107;GO:2001235;GO:2000304;GO:0032079;GO:2000753;GO:1900163;GO:0035307;GO:0042307;GO:2000755;GO:0032930;GO:0043687;GO:0006468;GO:0050821;GO:0032956;GO:2000303;GO:0043488;GO:0010469;GO:0007165;GO:0023021
P10829,GO:0005829;GO:0030425;GO:0048471;GO:0005886;GO:0045202;GO:0005524;GO:0004697;GO:0106310;GO:0008270;GO:0043524;GO:1901799;GO:0031397;GO:0016310;GO:0042752;GO:0032095;GO:0043278;GO:0048265;GO:0048511
Q13153,GO:0005884;GO:0030424;GO:0005911;GO:0005813;GO:0005694;GO:0005737;GO:0005829;GO:0030425;GO:0005925;GO:0014704;GO:0030027;GO:0031965;GO:0005654;GO:0005886;GO:0032991;GO:0001726;GO:0032587;GO:0030018;GO:0005524;GO:0005518;GO:0043015;GO:0042802;GO:0004672;GO:0106310;GO:0004674;GO:0030036;GO:0006915;GO:0048754;GO:0016477;GO:0006338;GO:0006974;GO:0048013;GO:0006887;GO:0038096;GO:0048012;GO:0035556;GO:0051179;GO:0060244;GO:0048812;GO:0016310;GO:0030335;GO:0008284;GO:0033148;GO:0043507;GO:0090063;GO:0031116;GO:0033138;GO:0001934;GO:0051496;GO:0046777;GO:1903608;GO:0006468;GO:0032956;GO:0050770;GO:0043408;GO:0002223;GO:0042060
Q96SB4,GO:0000785;GO:0005737;GO:0005829;GO:0005783;GO:0016363;GO:0016607;GO:0005654;GO:0005634;GO:0005886;GO:0005524;GO:0000287;GO:0004672;GO:0106310;GO:0004674;GO:0003723;GO:0007059;GO:0045087;GO:0035556;GO:0045071;GO:0045070;GO:0006468;GO:0050684;GO:0048024;GO:0008380;GO:0035092;GO:0000245
P07332,GO:0005737;GO:0009898;GO:0031410;GO:0005829;GO:0005925;GO:0005794;GO:0015630;GO:0005524;GO:0034987;GO:0008017;GO:0004715;GO:0035091;GO:0004713;GO:0060038;GO:0007155;GO:0071305;GO:0007098;GO:0006935;GO:0001578;GO:0051450;GO:0018108;GO:0031116;GO:0045657;GO:0045639;GO:0010976;GO:0046777;GO:0030155;GO:0045595;GO:2000145;GO:0042127;GO:0008360;GO:0043304;GO:0060627
P35916,GO:0005829;GO:0005576;GO:0005654;GO:0005886;GO:0043235;GO:0005524;GO:0019838;GO:0042803;GO:0019903;GO:0004714;GO:0005021;GO:0001525;GO:0048514;GO:0035924;GO:0048286;GO:0001945;GO:0001946;GO:0043066;GO:0018108;GO:0030335;GO:0008284;GO:0010595;GO:0001938;GO:0070374;GO:0046330;GO:0043410;GO:0090037;GO:0001934;GO:0010575;GO:0046777;GO:0060312;GO:0043408;GO:0003016;GO:0002040;GO:0007169;GO:0048010;GO:0038084;GO:0001944
Q05513,GO:0045179;GO:0016324;GO:0043203;GO:0005923;GO:0030054;GO:0031252;GO:0005911;GO:0005737;GO:0005829;GO:0005768;GO:0070062;GO:0098978;GO:0016020;GO:0005815;GO:0035748;GO:0005635;GO:0016363;GO:0120157;GO:0048471;GO:0005886;GO:0014069;GO:0098685;GO:0001725;GO:0070160;GO:0031982;GO:0071889;GO:0005524;GO:0004697;GO:0043560;GO:0046872;GO:0043274;GO:0015459;GO:0004672;GO:0019901;GO:0106310;GO:0004674;GO:0044877;GO:0016477;GO:0007166;GO:0032869;GO:0030010;GO:0045197;GO:0006954;GO:0035556;GO:0007616;GO:0060291;GO:0051899;GO:0060081;GO:0000226;GO:0043066;GO:0046627;GO:0050732;GO:0031333;GO:1990138;GO:0018105;GO:0008284;GO:0001954;GO:0070374;GO:2000463;GO:0046628;GO:0032733;GO:0032736;GO:0032753;GO:0032754;GO:0051092;GO:0051222;GO:2000553;GO:0045630;GO:0070528;GO:0072659;GO:0006468;GO:0098696;GO:0007165;GO:0047496
Q96KB5,GO:0005634;GO:0005524;GO:0004708;GO:0106310;GO:0004674;GO:0004713;GO:0034644;GO:0000278;GO:0050728;GO:0032435;GO:0001933;GO:0032873;GO:0016310;GO:0043161;GO:0051403
O43293,GO:0005737;GO:0005829;GO:0005654;GO:0005634;GO:0016605;GO:0005524;GO:0008140;GO:0042802;GO:0043522;GO:0042803;GO:0106310;GO:0004674;GO:0031267;GO:0006915;GO:0097190;GO:0071346;GO:0006325;GO:0035556;GO:0017148;GO:0043065;GO:0090263;GO:0030335;GO:0046777;GO:0006468;GO:0032956;GO:0042981;GO:0010506;GO:2000145;GO:0008360;GO:0006355;GO:0051893;GO:0007346;GO:0007088;GO:0043519;GO:0006940
Q9Y463,GO:0005694;GO:0005730;GO:0005654;GO:0005634;GO:0005524;GO:0004672;GO:0106310;GO:0004674;GO:0004712;GO:0004713;GO:0003713;GO:0060612;GO:0006281;GO:0007520;GO:0045893;GO:0006468
O60674,GO:0005901;GO:0005737;GO:0005856;GO:0005829;GO:0031904;GO:0000791;GO:0031234;GO:0019897;GO:0005925;GO:0098978;GO:0030526;GO:0042022;GO:0072536;GO:0045121;GO:0005654;GO:0005634;GO:0005886;GO:0098794;GO:0033130;GO:0005524;GO:0005131;GO:0020037;GO:0042393;GO:0035401;GO:0042802;GO:0043560;GO:0005143;GO:0046872;GO:0004715;GO:0051428;GO:0043548;GO:0004672;GO:0019901;GO:0004713;GO:0042169;GO:0005102;GO:0031702;GO:0030041;GO:0006919;GO:0097296;GO:0042976;GO:0002250;GO:0006915;GO:0031103;GO:0030154;GO:0071549;GO:0036016;GO:0071222;GO:0098586;GO:0038065;GO:0019221;GO:0007167;GO:0030218;GO:0097191;GO:0007186;GO:0038157;GO:0060396;GO:0060397;GO:0006955;GO:0035722;GO:0038156;GO:0070757;GO:0038043;GO:0070102;GO:0035556;GO:0008631;GO:0061180;GO:0007498;GO:0001774;GO:0031959;GO:0050804;GO:0010667;GO:0008285;GO:0022408;GO:0043392;GO:0043524;GO:0018108;GO:0048008;GO:2001235;GO:0045597;GO:0030335;GO:0010811;GO:0120162;GO:0007204;GO:1904037;GO:1902728;GO:0060399;GO:0032024;GO:0032731;GO:0032740;GO:0070665;GO:0043410;GO:0045348;GO:0032819;GO:0045429;GO:0051770;GO:0051142;GO:0051897;GO:0010572;GO:1901731;GO:0042307;GO:0046427;GO:2000273;GO:0060391;GO:0042102;GO:2000318;GO:0045944;GO:0032760;GO:0032729;GO:0042531;GO:1904707;GO:0035166;GO:0043687;GO:0034050;GO:0046777;GO:0006468;GO:0007259;GO:0042981;GO:0050727;GO:0045428;GO:1905539;GO:0046425;GO:0014075;GO:0046677;GO:0033194;GO:0070671;GO:0032496;GO:0034612;GO:0007165;GO:0006366;GO:0033209;GO:0060333;GO:0007260
P35968,GO:0070161;GO:0030054;GO:0005769;GO:0005783;GO:0005768;GO:0009897;GO:0005576;GO:0005794;GO:0045121;GO:0005634;GO:0005886;GO:0043235;GO:0097443;GO:0005524;GO:0045296;GO:0015026;GO:0019838;GO:0051879;GO:0042802;GO:0005178;GO:0004713;GO:0004714;GO:0038085;GO:0005021;GO:0001525;GO:0060837;GO:0001569;GO:0055074;GO:0035584;GO:0045165;GO:0016477;GO:0002042;GO:1904881;GO:0035924;GO:0035162;GO:0003157;GO:0045446;GO:0003158;GO:0002070;GO:0050673;GO:0048286;GO:0001945;GO:0010463;GO:0043066;GO:2000352;GO:0010629;GO:0043524;GO:0001541;GO:0038083;GO:0018108;GO:0045766;GO:0043536;GO:0030513;GO:0030335;GO:0090050;GO:0008284;GO:0038033;GO:0010595;GO:0001938;GO:0070374;GO:0051894;GO:0016239;GO:0043410;GO:0002053;GO:0051901;GO:0090141;GO:0051770;GO:0051897;GO:0050927;GO:0001934;GO:2000648;GO:2001214;GO:0048597;GO:0046777;GO:1903010;GO:0008360;GO:1901532;GO:0043408;GO:0071526;GO:0072089;GO:0043129;GO:0007169;GO:0048010;GO:0036324;GO:0038084;GO:0061042;GO:0001570
Q04912,GO:0009986;GO:0005886;GO:0043235;GO:0001725;GO:0005773;GO:0005524;GO:0019899;GO:0005011;GO:0004714;GO:0016477;GO:0006952;GO:0045087;GO:0007399;GO:0006909;GO:0016310;GO:0008284;GO:0043406;GO:0051897;GO:0009615;GO:0007165;GO:0007338;GO:0007169
O96013,GO:0005912;GO:0005737;GO:0005829;GO:0005925;GO:0005794;GO:0005524;GO:0098641;GO:0004672;GO:0106310;GO:0004674;GO:0006915;GO:0007049;GO:0016477;GO:0071407;GO:0007010;GO:0060996;GO:0035556;GO:2000352;GO:0016310;GO:0045766;GO:0001558;GO:0043408;GO:0007165
O00311,GO:0005737;GO:0045171;GO:0072686;GO:0005654;GO:0005634;GO:0005524;GO:0016301;GO:0046872;GO:0004672;GO:0106310;GO:0004674;GO:0044770;GO:0051301;GO:0000727;GO:0000082;GO:0016310;GO:0008284;GO:0010971;GO:0010571;GO:0007165
Q9Y4K4,GO:0005737;GO:0005829;GO:0005886;GO:0005524;GO:0008349;GO:0004672;GO:0106310;GO:0004674;GO:0035556;GO:0016310
Q9UM73,GO:0070062;GO:0005886;GO:0032991;GO:0043235;GO:0005524;GO:0008201;GO:0042802;GO:0004704;GO:0004713;GO:0030298;GO:0004714;GO:0030534;GO:0097009;GO:0021766;GO:0050995;GO:0048666;GO:0038083;GO:0016310;GO:1900006;GO:0051092;GO:0046777;GO:0042981;GO:0042127;GO:0060159;GO:0045664;GO:0090648;GO:0007165;GO:0036269;GO:0007169
P50750,GO:0008024;GO:0036464;GO:0016020;GO:0005654;GO:0005634;GO:0070691;GO:0016605;GO:0008023;GO:0097322;GO:0005524;GO:0003682;GO:0004693;GO:0003677;GO:0016301;GO:0004672;GO:0019901;GO:0106310;GO:0004674;GO:0000978;GO:0008353;GO:0001223;GO:0008283;GO:0071345;GO:0006281;GO:0120186;GO:0051647;GO:0043923;GO:0120187;GO:0045944;GO:0032968;GO:0006468;GO:0051726;GO:0006282;GO:0031440;GO:0051147;GO:0031297;GO:0006366;GO:0006368;GO:0140673;GO:0006367
P34947,GO:0005737;GO:0005829;GO:0031965;GO:0016607;GO:0005886;GO:0005524;GO:0047696;GO:0004703;GO:0005543;GO:0004672;GO:0005080;GO:0004674;GO:0007188;GO:0006915;GO:0045444;GO:0007186;GO:0043066;GO:0008284;GO:0046777;GO:0051726;GO:0008277;GO:0009966;GO:0007217;GO:0016055
P49840,GO:0097440;GO:0030424;GO:0030877;GO:0005737;GO:0005829;GO:0005739;GO:0043025;GO:0005634;GO:0098794;GO:1990635;GO:0005524;GO:0034236;GO:0106310;GO:0004674;GO:0005102;GO:0048156;GO:0050321;GO:0141068;GO:0003214;GO:0016477;GO:0071385;GO:0032869;GO:0036016;GO:0071285;GO:0007212;GO:0060079;GO:0097191;GO:0097192;GO:0005977;GO:0008286;GO:0090090;GO:0061052;GO:0046325;GO:2000466;GO:0045719;GO:1904227;GO:0046627;GO:0032007;GO:2000077;GO:0010905;GO:0007399;GO:0018107;GO:0071879;GO:0106071;GO:1902004;GO:0010508;GO:0010628;GO:2000467;GO:0045823;GO:1901030;GO:0033138;GO:0010800;GO:0032436;GO:0045732;GO:1903955;GO:0031398;GO:0045944;GO:0043161;GO:0006468;GO:1903146;GO:0010975;GO:0003073;GO:0019082;GO:0016055
P49841,GO:0030424;GO:0030877;GO:0005813;GO:0005737;GO:0005829;GO:0030425;GO:0098978;GO:0005739;GO:0005654;GO:0005634;GO:0005886;GO:0098794;GO:0098793;GO:1990909;GO:0005524;GO:0008013;GO:0034452;GO:0016301;GO:0051059;GO:0002039;GO:0002020;GO:0034236;GO:0004672;GO:0019901;GO:0106310;GO:0004674;GO:0061629;GO:0048156;GO:0050321;GO:0031625;GO:1904886;GO:1904646;GO:0036016;GO:0071300;GO:0007623;GO:0007212;GO:0001837;GO:0006983;GO:0030010;GO:0060079;GO:0097191;GO:0097192;GO:0005977;GO:0003170;GO:0021766;GO:0008286;GO:0035556;GO:0030011;GO:0043066;GO:0070885;GO:0090090;GO:1904339;GO:1902042;GO:0010629;GO:2000466;GO:0045719;GO:2000740;GO:0045668;GO:0032515;GO:1901984;GO:0032091;GO:1900181;GO:0031333;GO:2000077;GO:0031175;GO:0106027;GO:0018105;GO:0018107;GO:0010508;GO:0045597;GO:0001954;GO:0045724;GO:0010628;GO:0043547;GO:1901030;GO:0010822;GO:0032436;GO:0032092;GO:0045732;GO:0046827;GO:1904781;GO:1903566;GO:0031398;GO:0031334;GO:0099171;GO:0043161;GO:0046777;GO:0006468;GO:0030516;GO:0050770;GO:1900034;GO:0042752;GO:0048814;GO:1900271;GO:0150101;GO:0070507;GO:0032886;GO:0010975;GO:0046825;GO:0071109;GO:0019082
Q13464,GO:0032059;GO:0005814;GO:0005737;GO:0010494;GO:0005856;GO:0005829;GO:0005576;GO:0000139;GO:0030027;GO:0005886;GO:0001726;GO:0098685;GO:0034774;GO:0019828;GO:0005524;GO:0046872;GO:0004672;GO:0106310;GO:0004674;GO:0072518;GO:0031267;GO:0048156;GO:0050321;GO:0030036;GO:0031032;GO:0003180;GO:0003383;GO:0032060;GO:0097746;GO:0007249;GO:0030866;GO:0048598;GO:0001837;GO:0007159;GO:0050900;GO:0050901;GO:0022614;GO:0000281;GO:0097049;GO:0061157;GO:0051451;GO:1902992;GO:1902430;GO:0016525;GO:1903347;GO:0070168;GO:0051045;GO:2000672;GO:0035509;GO:0042326;GO:0032091;GO:0140058;GO:0031175;GO:0018105;GO:0090521;GO:1900223;GO:0010508;GO:0010613;GO:1905205;GO:0035306;GO:0051894;GO:0010628;GO:0043410;GO:0010922;GO:0072659;GO:0006468;GO:0032956;GO:1902003;GO:0110061;GO:0010506;GO:0030155;GO:1901888;GO:0030334;GO:2000145;GO:2000114;GO:1903140;GO:0051893;GO:0045616;GO:0070507;GO:0045664;GO:0051492;GO:0090128;GO:1900242;GO:1990776;GO:0071559;GO:0007266;GO:0007165;GO:0006939
Q9Y243,GO:0005737;GO:0016020;GO:0005634;GO:0005524;GO:0004672;GO:0106310;GO:0004674;GO:0048854;GO:0048873;GO:0035556;GO:0000002;GO:2000773;GO:0045766;GO:1905653;GO:0043536;GO:0090050;GO:0045793;GO:0001938;GO:0032008;GO:1905564;GO:0006468;GO:0007165
Q13557,GO:0005954;GO:0005737;GO:0005829;GO:0030666;GO:0016020;GO:0043005;GO:0005654;GO:0005634;GO:0042383;GO:0033017;GO:0005524;GO:0005516;GO:0004683;GO:0042802;GO:0042803;GO:0106310;GO:0004674;GO:0019871;GO:0031432;GO:0044325;GO:0086003;GO:0071277;GO:0032469;GO:1902306;GO:2000650;GO:0018105;GO:0018107;GO:0010666;GO:0010613;GO:0046777;GO:0006468;GO:1902514;GO:0098901;GO:0098909;GO:0010881;GO:0010649;GO:1901844;GO:0001558;GO:0060341;GO:0008016;GO:0086091;GO:0003254;GO:1901897;GO:0010880;GO:0060314;GO:0002026;GO:0006357;GO:0055119
P78368,GO:0005938;GO:0005829;GO:0016020;GO:0005634;GO:0005886;GO:0005524;GO:0106310;GO:0004674;GO:0006897;GO:0090263;GO:0006468;GO:0007165;GO:0030148;GO:0016055
Q8TDC3,GO:0030054;GO:0005813;GO:0005737;GO:0150034;GO:0005654;GO:0005634;GO:0048786;GO:0008021;GO:0005524;GO:0043015;GO:0000287;GO:0019901;GO:0106310;GO:0004674;GO:0048156;GO:0050321;GO:0008306;GO:0007409;GO:0051298;GO:0006974;GO:0030010;GO:0000086;GO:0035556;GO:0090176;GO:0007095;GO:0030182;GO:0007269;GO:0018105;GO:0006468;GO:0050770;GO:0010975;GO:0048167;GO:2000807;GO:0009411;GO:0099504
P42685,GO:0035578;GO:0005829;GO:0070062;GO:0005576;GO:0031234;GO:0005654;GO:0005634;GO:0035580;GO:0005524;GO:0004715;GO:0004713;GO:0005102;GO:0030154;GO:0045087;GO:0000122;GO:0016310;GO:0007169
P48730,GO:0005813;GO:0036064;GO:0005829;GO:0033116;GO:0005794;GO:0005654;GO:0005634;GO:0048471;GO:0005886;GO:0005819;GO:0005876;GO:0005524;GO:0045296;GO:0004672;GO:0106310;GO:0004674;GO:0050321;GO:1990090;GO:0032922;GO:0048208;GO:0006897;GO:0007030;GO:0007020;GO:1904948;GO:1905515;GO:0090263;GO:2000052;GO:0032436;GO:0001934;GO:0071539;GO:0061512;GO:0034067;GO:0006468;GO:0042752;GO:0007165;GO:0051225;GO:0016055
P53778,GO:0005737;GO:0005829;GO:0005739;GO:0005654;GO:0005634;GO:0005524;GO:0000287;GO:0004707;GO:0106310;GO:0004674;GO:0007049;GO:0035556;GO:0000165;GO:0007517;GO:0045445;GO:0045786;GO:0018105;GO:0051149;GO:0010952;GO:0051726;GO:0007165;GO:0042770
Q8IU85,GO:0005737;GO:0005634;GO:0005524;GO:0005516;GO:0004683;GO:0106310;GO:0006954;GO:0043066;GO:0007399;GO:0016310;GO:0043065;GO:0032793;GO:0010976;GO:0090023;GO:0050766;GO:0060267;GO:0050773;GO:0071622
Q9UQM7,GO:0005954;GO:0005737;GO:0005829;GO:0043197;GO:0030666;GO:0005739;GO:0043005;GO:0005654;GO:0005634;GO:0014069;GO:0005524;GO:0005516;GO:0004683;GO:0035254;GO:0042802;GO:0016301;GO:0046872;GO:0042803;GO:0106310;GO:0004674;GO:0038166;GO:0006816;GO:0035458;GO:0071346;GO:0060996;GO:0000082;GO:0051346;GO:0018105;GO:1990443;GO:0051928;GO:0010666;GO:0051092;GO:0046427;GO:0046777;GO:0006468;GO:2000124;GO:1902108;GO:2001222;GO:0048168;GO:0046928;GO:0002931
P17948,GO:0015629;GO:0005768;GO:0005615;GO:0005925;GO:0005886;GO:0043235;GO:0005524;GO:0019838;GO:0036332;GO:0004714;GO:0005021;GO:0001525;GO:0048514;GO:0030154;GO:0016477;GO:0035924;GO:0048598;GO:1990384;GO:0002548;GO:1905563;GO:0018108;GO:0045766;GO:0030335;GO:0008284;GO:0043406;GO:0043410;GO:0051897;GO:0010863;GO:0046777;GO:0007169;GO:0048010;GO:0036323
P52333,GO:0005856;GO:0005829;GO:0005768;GO:0031234;GO:0019897;GO:0005886;GO:0005524;GO:0005131;GO:0004715;GO:0019903;GO:0004713;GO:0002250;GO:0030183;GO:0030154;GO:0019221;GO:0007167;GO:0060397;GO:0045087;GO:0035723;GO:0038110;GO:0035771;GO:0038113;GO:0035556;GO:0002731;GO:0045221;GO:0032693;GO:0032695;GO:0050868;GO:0045626;GO:0070244;GO:0018108;GO:0006468;GO:0007259;GO:0042981;GO:0046425;GO:0070232;GO:0070672;GO:0070669;GO:0070670;GO:0071104;GO:0043029;GO:0007260
Q16620,GO:0030424;GO:0043679;GO:0005829;GO:0030425;GO:0043197;GO:0005769;GO:0031901;GO:0048471;GO:0005886;GO:0014069;GO:0043235;GO:0043195;GO:0005524;GO:0048403;GO:0060175;GO:0043121;GO:0002020;GO:0042803;GO:0031547;GO:0071230;GO:1990416;GO:0021954;GO:0021987;GO:0007623;GO:0007631;GO:0014047;GO:0007612;GO:0060291;GO:0042490;GO:0022011;GO:1902430;GO:2000811;GO:0043524;GO:0030182;GO:0001764;GO:0019227;GO:0048709;GO:0048935;GO:0050772;GO:0008284;GO:0010628;GO:0043410;GO:0010976;GO:0033138;GO:0051897;GO:0001934;GO:0051965;GO:0046777;GO:0043087;GO:0051896;GO:0046548;GO:0099183;GO:0099551;GO:0007169;GO:0001570
Q7L7X3,GO:0005737;GO:0005829;GO:0070062;GO:0015630;GO:0048471;GO:0043014;GO:0005524;GO:0048487;GO:0016301;GO:0004672;GO:0106310;GO:0043539;GO:0004674;GO:0048156;GO:0050321;GO:0016740;GO:0021954;GO:0006974;GO:0006281;GO:0097194;GO:0000226;GO:0007095;GO:0007026;GO:0070050;GO:0016310;GO:0046330;GO:1901985;GO:0032874;GO:0046777;GO:0006468;GO:0032956;GO:0051493;GO:0070507
O75116,GO:0005813;GO:0005737;GO:0036464;GO:0005856;GO:0005829;GO:0005634;GO:0005886;GO:0005524;GO:0046872;GO:0106310;GO:0004674;GO:0072518;GO:0003723;GO:0031267;GO:0005198;GO:0048156;GO:0050321;GO:0030036;GO:0031032;GO:0003180;GO:0097746;GO:0007249;GO:1905145;GO:0071394;GO:0051298;GO:0030866;GO:0048598;GO:0001837;GO:0000281;GO:0044788;GO:0061157;GO:0016525;GO:1903347;GO:0070168;GO:0010629;GO:0035509;GO:0045019;GO:0150033;GO:0018105;GO:0018107;GO:1902993;GO:1902004;GO:1902961;GO:0010613;GO:0030335;GO:0010825;GO:0032723;GO:1905205;GO:0010595;GO:0090271;GO:0010628;GO:0043410;GO:1902966;GO:0001934;GO:0051496;GO:0072659;GO:0006468;GO:0032956;GO:0110061;GO:0030155;GO:1901888;GO:2000145;GO:1900037;GO:0042752;GO:2000114;GO:1903140;GO:0051893;GO:0045616;GO:0031644;GO:0051246;GO:0051492;GO:1990776;GO:0002931;GO:0071559;GO:0007266;GO:0048511;GO:0006939
Q9Y6M4,GO:0005737;GO:0005634;GO:0005886;GO:0005524;GO:0004672;GO:0106310;GO:0004674;GO:0006897;GO:0016310;GO:0090263;GO:0036211;GO:0007165;GO:0016055
Q9HBH9,GO:0005737;GO:0016604;GO:0005654;GO:0005634;GO:0016605;GO:0005524;GO:0009931;GO:0005516;GO:0004683;GO:0046872;GO:0106310;GO:0004674;GO:0007166;GO:0071243;GO:0097192;GO:0030097;GO:0035556;GO:0006468;GO:0006417
O75582,GO:0005737;GO:0005654;GO:0005634;GO:0005524;GO:0044024;GO:0035175;GO:0044022;GO:0000287;GO:0106310;GO:0004674;GO:0004713;GO:0007411;GO:0006954;GO:0070498;GO:0035556;GO:0001818;GO:0045892;GO:0032793;GO:0051092;GO:0045944;GO:0043687;GO:0006468;GO:0006355;GO:0099175
Q13554,GO:0005954;GO:0005813;GO:0005737;GO:0005829;GO:0030666;GO:0043005;GO:0005654;GO:0033017;GO:0045202;GO:0003779;GO:0005524;GO:0009931;GO:0005516;GO:0004683;GO:0042802;GO:0042803;GO:0106310;GO:0030154;GO:0007399;GO:0018105;GO:0061003;GO:0010976;GO:0090129;GO:0046777;GO:0006468;GO:0051924;GO:0060998;GO:0048169;GO:2001222;GO:0014733;GO:0051823;GO:0007165
Q15303,GO:0009925;GO:0016323;GO:0005829;GO:0005576;GO:0098982;GO:0098978;GO:0005759;GO:0005739;GO:0031594;GO:0005654;GO:0005634;GO:0005886;GO:0098839;GO:0045211;GO:0042734;GO:0043235;GO:0005524;GO:0005006;GO:0005154;GO:0050811;GO:0038131;GO:0042803;GO:0004713;GO:0000976;GO:0004714;GO:0061026;GO:0045165;GO:0016477;GO:0071364;GO:0021551;GO:0009880;GO:0038135;GO:0038130;GO:0038138;GO:0072046;GO:0007507;GO:0007595;GO:0060749;GO:0060644;GO:0043653;GO:0043066;GO:0008285;GO:0007399;GO:0001755;GO:0022008;GO:0099645;GO:0021889;GO:0018108;GO:0060045;GO:0008284;GO:0045893;GO:0070374;GO:0051897;GO:2000010;GO:0001934;GO:0046427;GO:0042531;GO:0046777;GO:0030334;GO:0007165;GO:0007416;GO:0007169
Q12851,GO:0016323;GO:0005737;GO:0000139;GO:0005524;GO:0008349;GO:0031435;GO:0106310;GO:0004674;GO:0006955;GO:0045087;GO:0035556;GO:0007254;GO:0046330;GO:0043507;GO:0006468;GO:0006903
P51451,GO:0005829;GO:0031234;GO:0005524;GO:0004715;GO:0004713;GO:0005102;GO:0050853;GO:0030154;GO:0045087;GO:0035556;GO:0018108;GO:0032024;GO:0032092;GO:0007169
Q8N4C8,GO:0030424;GO:0005737;GO:0005829;GO:0030425;GO:0070062;GO:0005794;GO:0014069;GO:0005524;GO:0004672;GO:0106310;GO:0004674;GO:0030036;GO:0007420;GO:0007268;GO:0048813;GO:0007254;GO:0000165;GO:0048812;GO:0046330;GO:1900745;GO:0046777;GO:0006468;GO:2000311;GO:0030334;GO:0022407;GO:0001952;GO:0043408
O15075,GO:0005886;GO:0014069;GO:0005524;GO:0004672;GO:0106310;GO:0004674;GO:0048675;GO:0007417;GO:0021952;GO:0048813;GO:0016197;GO:0030900;GO:0035556;GO:1900181;GO:0007399;GO:0001764;GO:0048812;GO:0034504;GO:0006468;GO:0009615
P07948,GO:0005912;GO:0009986;GO:0005737;GO:0009898;GO:0005829;GO:0030666;GO:0070062;GO:0031234;GO:0098978;GO:0005794;GO:0034666;GO:0043231;GO:0005765;GO:0045121;GO:0030061;GO:0005634;GO:0048471;GO:0005886;GO:0099091;GO:0005524;GO:0019899;GO:0046875;GO:0043015;GO:0043208;GO:0005178;GO:0016301;GO:0004715;GO:0141038;GO:0051219;GO:0140031;GO:0005161;GO:0004713;GO:0097110;GO:0017124;GO:0005102;GO:0044325;GO:0031625;GO:0002250;GO:0001782;GO:0050853;GO:0038159;GO:0031668;GO:0034605;GO:0071300;GO:0097028;GO:0006974;GO:0030222;GO:0048013;GO:0030218;GO:0002774;GO:0002431;GO:0038095;GO:0038096;GO:0060397;GO:0002244;GO:0002553;GO:0002768;GO:0045087;GO:0038043;GO:0035556;GO:0050900;GO:0031663;GO:0030889;GO:0008285;GO:0070373;GO:0050777;GO:0002862;GO:1902532;GO:0043407;GO:0070667;GO:0002762;GO:0001933;GO:0034136;GO:0034144;GO:0031175;GO:0014003;GO:0018108;GO:0002576;GO:1902961;GO:0030335;GO:0008284;GO:2000670;GO:0060369;GO:0060252;GO:0070668;GO:0010976;GO:0070447;GO:0001934;GO:0070304;GO:0042531;GO:0046777;GO:0006468;GO:0002902;GO:0050855;GO:0033628;GO:0001817;GO:0070372;GO:0045646;GO:0033003;GO:0043304;GO:0090025;GO:0090330;GO:0001932;GO:0051279;GO:0043200;GO:0048678;GO:0009743;GO:0009725;GO:0032868;GO:0014070;GO:0006991;GO:0009636;GO:0009410;GO:0007165;GO:0002223;GO:0031295;GO:0002513;GO:0034142;GO:0007169
O14757,GO:0005813;GO:0000785;GO:0000794;GO:0005737;GO:0005829;GO:0005615;GO:0043231;GO:0005654;GO:0005634;GO:0032991;GO:0005657;GO:0005524;GO:0035402;GO:0019904;GO:0004672;GO:0106310;GO:0004674;GO:0006915;GO:1902742;GO:0071313;GO:0071260;GO:0006338;GO:0000077;GO:0006974;GO:0006281;GO:0006260;GO:0000086;GO:0001833;GO:0035556;GO:0007095;GO:0044818;GO:2000279;GO:0070317;GO:0045814;GO:0045839;GO:0006997;GO:0018107;GO:0045787;GO:0006468;GO:0042127;GO:0010569;GO:0046602;GO:1901796;GO:0090399;GO:0042770
P06241,GO:0005884;GO:0044297;GO:0005829;GO:0030425;GO:0005768;GO:0031234;GO:0097386;GO:0045121;GO:0005739;GO:0005634;GO:0043204;GO:0097038;GO:0048471;GO:0005886;GO:0014069;GO:0098685;GO:0043014;GO:0005524;GO:0097718;GO:0019899;GO:0046875;GO:0070851;GO:0042802;GO:0046872;GO:0004715;GO:0016004;GO:0043274;GO:0004713;GO:0097110;GO:0005102;GO:0048156;GO:0050321;GO:0044325;GO:0031802;GO:0050798;GO:0002250;GO:0007411;GO:0006816;GO:0007249;GO:0030154;GO:1904646;GO:1905430;GO:0070301;GO:1905232;GO:0036120;GO:0071560;GO:0048813;GO:0097062;GO:0050966;GO:0048013;GO:0038096;GO:0007631;GO:0030900;GO:0003015;GO:0045087;GO:0035556;GO:0007612;GO:0050900;GO:0050804;GO:1902951;GO:0010629;GO:0010730;GO:0002862;GO:1902176;GO:0042177;GO:0031397;GO:0001764;GO:0018108;GO:0043123;GO:2001056;GO:0010976;GO:1905477;GO:1900182;GO:0090314;GO:0042531;GO:0030163;GO:0006468;GO:0016567;GO:1905664;GO:0008360;GO:1900449;GO:0050730;GO:1904645;GO:0045471;GO:0000304;GO:0002223;GO:0031295;GO:0050852;GO:0007169;GO:0048010
P51812,GO:0005737;GO:0005829;GO:0005730;GO:0005654;GO:0045202;GO:0005524;GO:0043027;GO:0000287;GO:0004672;GO:0019901;GO:0106310;GO:0004674;GO:0004711;GO:0007049;GO:0007417;GO:0007268;GO:0035556;GO:0043066;GO:0043154;GO:0018105;GO:0045597;GO:0030307;GO:0045944;GO:0043620;GO:0043555;GO:0032496;GO:0007165;GO:0001501;GO:0002224
O15530,GO:0042995;GO:0005737;GO:0031410;GO:0005829;GO:0005925;GO:0005634;GO:0005886;GO:0014069;GO:0004676;GO:0005524;GO:0016004;GO:0043274;GO:0106310;GO:0004674;GO:0030036;GO:0032148;GO:0019722;GO:0016477;GO:0071364;GO:0032869;GO:0007173;GO:0097191;GO:0006972;GO:0008286;GO:0048009;GO:0035556;GO:0010667;GO:2000352;GO:0006469;GO:0034122;GO:0030512;GO:0018107;GO:0045766;GO:0043536;GO:0051897;GO:0010518;GO:1903078;GO:0051281;GO:1903672;GO:1905564;GO:0046777;GO:0006468;GO:0043122;GO:0043304;GO:0031295;GO:0003323
Q9BXA7,GO:0001669;GO:0031514;GO:0031588;GO:0005524;GO:0000287;GO:0106310;GO:0004674;GO:0044877;GO:0042149;GO:0035556;GO:0032007;GO:0006468;GO:0007286
A0A0A0MTH5,GO:0043231;GO:0005524;GO:0004712;GO:0016310
P11362,GO:0031410;GO:0005829;GO:0005576;GO:0016020;GO:0005634;GO:0005886;GO:0043235;GO:0005524;GO:0017134;GO:0005007;GO:0008201;GO:0042802;GO:0042803;GO:0004713;GO:0090722;GO:0042169;GO:0001525;GO:0060117;GO:0060445;GO:0055074;GO:0060038;GO:0048469;GO:0016477;GO:0030031;GO:0071529;GO:0002062;GO:0043009;GO:0071344;GO:0030326;GO:0001837;GO:0008543;GO:0035607;GO:0010467;GO:0001701;GO:0042472;GO:0060484;GO:0000165;GO:0010463;GO:0030901;GO:0042474;GO:0090272;GO:0000122;GO:0001764;GO:0031175;GO:0001759;GO:0042473;GO:0048339;GO:0018108;GO:0048015;GO:0043536;GO:0060045;GO:0045597;GO:0008284;GO:2000546;GO:0043406;GO:0043410;GO:0090080;GO:0002053;GO:1903465;GO:0045666;GO:0010976;GO:2000830;GO:0051897;GO:0010518;GO:0010863;GO:2000648;GO:1905564;GO:0046777;GO:0006468;GO:0060665;GO:0045595;GO:2001239;GO:0048378;GO:0010966;GO:1904383;GO:0007605;GO:0001501;GO:0048705;GO:0048863;GO:0072089;GO:0007169;GO:0001657;GO:0021847;GO:0070640
Q16288,GO:0030424;GO:0005886;GO:0043235;GO:0005524;GO:0043121;GO:0005030;GO:0002039;GO:0004714;GO:0090630;GO:0032148;GO:0030154;GO:1990090;GO:0007507;GO:0001933;GO:0007399;GO:0016310;GO:0030335;GO:0008284;GO:0010628;GO:0043406;GO:0010976;GO:0033138;GO:0051897;GO:0050927;GO:0001934;GO:0051896;GO:0007169
P00533,GO:0016324;GO:0009925;GO:0016323;GO:0030054;GO:0009986;GO:0030669;GO:0005737;GO:0031901;GO:0005789;GO:0005768;GO:0010008;GO:0005615;GO:0005925;GO:0000139;GO:0097708;GO:0016020;GO:0045121;GO:0097489;GO:0031965;GO:0005634;GO:0048471;GO:0005886;GO:0032991;GO:0043235;GO:0032587;GO:0070435;GO:0051015;GO:0005524;GO:0051117;GO:0045296;GO:0005516;GO:0003682;GO:0003690;GO:0019899;GO:0048408;GO:0005006;GO:0042802;GO:0005178;GO:0019900;GO:0004709;GO:0019901;GO:0019903;GO:0030296;GO:0004713;GO:0030297;GO:0004714;GO:0004888;GO:0031625;GO:0001618;GO:0007202;GO:0048143;GO:0007166;GO:0098609;GO:0071230;GO:0071276;GO:0071549;GO:0071364;GO:0071392;GO:0071260;GO:0034614;GO:0071466;GO:0021795;GO:0007623;GO:0048546;GO:0016101;GO:0001892;GO:0007173;GO:0050673;GO:0038134;GO:0061029;GO:0001942;GO:0042743;GO:0007611;GO:0097421;GO:0030324;GO:0007494;GO:0060571;GO:0043066;GO:1905208;GO:0042059;GO:0045930;GO:0042177;GO:0022008;GO:0048812;GO:0001503;GO:0042698;GO:0038083;GO:0018108;GO:0045780;GO:0090263;GO:0030307;GO:0030335;GO:0008284;GO:0045737;GO:0045739;GO:0045740;GO:0045893;GO:0050679;GO:0070374;GO:0048146;GO:1900087;GO:0060252;GO:0043406;GO:1902895;GO:0070257;GO:0010750;GO:1901224;GO:0033138;GO:0051897;GO:0042327;GO:1902722;GO:1900020;GO:1903078;GO:0001934;GO:0048661;GO:0032930;GO:0051968;GO:0045944;GO:0045907;GO:0046777;GO:0051205;GO:0070372;GO:0046328;GO:0050999;GO:0050730;GO:0051896;GO:0051592;GO:0033590;GO:0033594;GO:0070141;GO:0007435;GO:0007165;GO:0043586;GO:0006412;GO:0007169;GO:0042311
P27448,GO:0005737;GO:0005829;GO:0030425;GO:0070062;GO:0005886;GO:0005524;GO:0106310;GO:0004674;GO:0048156;GO:0050321;GO:0035556;GO:0035331;GO:1900181;GO:0036289;GO:0018105;GO:0032092;GO:0006468
Q9H2X6,GO:0005737;GO:0010494;GO:0016604;GO:0005654;GO:0005634;GO:0016605;GO:0090575;GO:0005524;GO:0004672;GO:0106310;GO:0004674;GO:0004713;GO:0061629;GO:0046332;GO:0003713;GO:0003714;GO:0046790;GO:0007628;GO:0009952;GO:0008283;GO:0071456;GO:0006978;GO:0048596;GO:0060059;GO:0040029;GO:0030218;GO:0001654;GO:0010467;GO:0097193;GO:0042771;GO:0061072;GO:0060235;GO:0060425;GO:0030514;GO:0043524;GO:0000122;GO:2000059;GO:0051402;GO:0030182;GO:0018105;GO:0018107;GO:0030578;GO:0045766;GO:0008284;GO:0051091;GO:0045893;GO:0046330;GO:0032092;GO:0001934;GO:0045944;GO:0030511;GO:0006468;GO:0051726;GO:1901796;GO:0003016;GO:0010842;GO:0060395;GO:0007224;GO:0030878;GO:0007179;GO:0050882
O43781,GO:0005737;GO:0010494;GO:0005856;GO:0005829;GO:0043231;GO:0016607;GO:0005654;GO:0005634;GO:0000242;GO:0005524;GO:0000287;GO:0004672;GO:0106310;GO:0004674;GO:0004712;GO:0004713;GO:0007049;GO:0051301;GO:0030218;GO:0043066;GO:0043518;GO:0035063;GO:1903008;GO:1902751;GO:0006468;GO:0080135;GO:1903432;GO:0035617
P16591,GO:0005912;GO:0005938;GO:0042995;GO:0000785;GO:0005737;GO:0009898;GO:0005856;GO:0005829;GO:0005634;GO:0005524;GO:0005154;GO:0008289;GO:0004715;GO:0008157;GO:0004713;GO:0030036;GO:0034333;GO:0120179;GO:0007155;GO:0044331;GO:0036006;GO:0034614;GO:0006935;GO:0019221;GO:0050904;GO:0035426;GO:0038095;GO:0007281;GO:0008286;GO:0070102;GO:0035556;GO:0038109;GO:0000226;GO:0033007;GO:0018108;GO:0048008;GO:0030838;GO:0030335;GO:0008284;GO:0051092;GO:0051897;GO:0046777;GO:0006468;GO:0042058;GO:0010762;GO:0010591;GO:0043304;GO:0001932;GO:0032496;GO:0036119;GO:0072520;GO:0060009;GO:0034446;GO:0007260
Q16644,GO:0005737;GO:0005829;GO:0005654;GO:0005634;GO:0005524;GO:0009931;GO:0005516;GO:0004683;GO:0004708;GO:0051019;GO:0106310;GO:0004674;GO:0035556;GO:0044351;GO:0018105;GO:0034097;GO:0032496;GO:0007165;GO:0002224;GO:0048010
Q06187,GO:0005737;GO:0031410;GO:0005829;GO:0045121;GO:0005634;GO:0048471;GO:0005886;GO:0005524;GO:0042802;GO:0046872;GO:0004715;GO:0005547;GO:0016004;GO:0043274;GO:0004713;GO:0002250;GO:0097190;GO:0042113;GO:0002344;GO:0050853;GO:0019722;GO:0007249;GO:0048469;GO:0098761;GO:0071226;GO:0034614;GO:1990959;GO:0038095;GO:0002553;GO:0045087;GO:0035556;GO:0007498;GO:0061516;GO:0002755;GO:0030889;GO:0032693;GO:0001780;GO:0018108;GO:0045579;GO:0030890;GO:0002639;GO:0150153;GO:0032755;GO:0051092;GO:1900227;GO:0050766;GO:1901647;GO:0032760;GO:0001812;GO:0001805;GO:0006468;GO:0030167;GO:0002902;GO:0002721;GO:0032496;GO:0050852
P48729,GO:0030877;GO:0005813;GO:0036064;GO:0005929;GO:0005829;GO:0000776;GO:0016020;GO:0016607;GO:0005634;GO:0005819;GO:0005524;GO:0004672;GO:0106310;GO:0004674;GO:0007049;GO:0051301;GO:0007166;GO:0031670;GO:0007030;GO:0045104;GO:0090090;GO:1900226;GO:0018105;GO:0032436;GO:0035025;GO:1904263;GO:0043161;GO:0006468;GO:0007165;GO:0019082;GO:0016055
O95819,GO:0005737;GO:0005925;GO:0005524;GO:0004111;GO:0008017;GO:0106310;GO:0004674;GO:0035556;GO:0000165;GO:0043066;GO:0001953;GO:0048812;GO:0032014;GO:0030335;GO:0051894;GO:0120183;GO:0043547;GO:0051549;GO:0006468;GO:0046328;GO:0043408
P04629,GO:0030424;GO:0009986;GO:0030425;GO:0005769;GO:0031901;GO:0010008;GO:0005770;GO:0031902;GO:0043025;GO:0005886;GO:0032991;GO:0043235;GO:0055038;GO:0005524;GO:0005004;GO:0042802;GO:0019900;GO:0048406;GO:0010465;GO:0043121;GO:0005166;GO:0005030;GO:0042803;GO:0004713;GO:0004714;GO:0007411;GO:0060385;GO:0030183;GO:0061368;GO:1990090;GO:0071316;GO:0007623;GO:0050966;GO:0050965;GO:0007611;GO:0042490;GO:0043066;GO:0008285;GO:0043524;GO:0038180;GO:0051402;GO:0048666;GO:0031175;GO:0048011;GO:0021553;GO:0038083;GO:0018108;GO:0045766;GO:0070374;GO:0043547;GO:0010976;GO:0051092;GO:0051897;GO:0043068;GO:0001934;GO:0046579;GO:0051965;GO:0051968;GO:0010623;GO:0046777;GO:0006468;GO:0051896;GO:0048678;GO:0051602;GO:0051599;GO:0031667;GO:0009410;GO:0060009;GO:0048485;GO:0007169
P53350,GO:0034451;GO:0005814;GO:0005813;GO:0000785;GO:0005737;GO:0005829;GO:0000776;GO:0015630;GO:0030496;GO:0097431;GO:0005654;GO:0005634;GO:0000940;GO:0005819;GO:0051233;GO:0000922;GO:0000795;GO:0010997;GO:0005524;GO:0042802;GO:0000287;GO:0008017;GO:0004672;GO:0019901;GO:0106310;GO:0004674;GO:0007098;GO:0006302;GO:0097681;GO:0000132;GO:0045184;GO:0016321;GO:0000086;GO:0048313;GO:0045143;GO:0007091;GO:0001578;GO:0000278;GO:0007076;GO:0000281;GO:0007095;GO:0007077;GO:0000070;GO:0007094;GO:0007052;GO:0043066;GO:0045736;GO:0000122;GO:0051081;GO:0018105;GO:0010800;GO:0032436;GO:1900182;GO:0045862;GO:1904668;GO:0051443;GO:0031648;GO:0071168;GO:0090435;GO:0006468;GO:0016567;GO:1905784;GO:0051726;GO:0032465;GO:0007346;GO:1901990;GO:0030071;GO:1901673;GO:0043393;GO:1904776;GO:0007062;GO:0070194
O00141,GO:0005737;GO:0005829;GO:0005789;GO:0005739;GO:0016607;GO:0005654;GO:0005634;GO:0005886;GO:0005524;GO:0005246;GO:0017081;GO:0015459;GO:0106310;GO:0004674;GO:0004712;GO:0017080;GO:0006915;GO:1904045;GO:0006974;GO:0035556;GO:0007616;GO:0048812;GO:0032411;GO:0006468;GO:0042981;GO:0008217;GO:0050790;GO:0001558;GO:0030334;GO:0042127;GO:0051090;GO:0060453;GO:1901796;GO:0070294;GO:0006814
P28482,GO:0035578;GO:0005901;GO:0005813;GO:0005737;GO:0005856;GO:0005829;GO:0005769;GO:0005788;GO:0005576;GO:1904813;GO:0005925;GO:0005794;GO:0005770;GO:0005739;GO:0072686;GO:0005654;GO:0005634;GO:0005886;GO:0031143;GO:0045202;GO:0005524;GO:0003677;GO:0042802;GO:0004707;GO:0019902;GO:0001784;GO:0106310;GO:0004674;GO:0008353;GO:0030521;GO:0006915;GO:0050853;GO:0060020;GO:0061308;GO:0072584;GO:0007049;GO:0007166;GO:0034198;GO:0071276;GO:0034614;GO:0071356;GO:0007268;GO:0006935;GO:0019858;GO:0006974;GO:0038127;GO:0038133;GO:0070371;GO:0060324;GO:0008286;GO:0048009;GO:0035556;GO:0060716;GO:0007611;GO:0031663;GO:0060291;GO:0060425;GO:0033598;GO:0042552;GO:0045596;GO:0042473;GO:0018105;GO:0018107;GO:0010759;GO:0120041;GO:0010800;GO:0051973;GO:1904355;GO:0032212;GO:0050847;GO:0006468;GO:0030641;GO:0051493;GO:2000641;GO:0090170;GO:0030278;GO:0031647;GO:0032872;GO:0070849;GO:0043330;GO:0035094;GO:0014044;GO:0007165;GO:0043401;GO:0051403;GO:0050852;GO:0048538;GO:0030878;GO:0060440
P23443,GO:0009986;GO:0005737;GO:0005829;GO:0098978;GO:0005741;GO:0005739;GO:0043005;GO:0005654;GO:0005634;GO:0048471;GO:0098794;GO:0005524;GO:0042802;GO:0030165;GO:0042277;GO:0004672;GO:0051721;GO:0106310;GO:0004674;GO:0004712;GO:0004711;GO:0006915;GO:0001662;GO:0016477;GO:0071549;GO:0071363;GO:0032869;GO:0031670;GO:0071346;GO:0000082;GO:0007281;GO:0044539;GO:0007616;GO:0050804;GO:0043066;GO:2001237;GO:0046627;GO:0018105;GO:0043491;GO:0048015;GO:0045931;GO:0048633;GO:0014911;GO:0048661;GO:1904263;GO:0045727;GO:0045948;GO:0046324;GO:0014878;GO:0045471;GO:0033762;GO:0009749;GO:0043201;GO:0032496;GO:0009612;GO:0031667;GO:0033574;GO:0009636;GO:0034612;GO:0009410;GO:0007165;GO:0014732;GO:0003009;GO:0031929
P08069,GO:0035867;GO:0030424;GO:0005901;GO:0005899;GO:0043231;GO:0016020;GO:0043025;GO:0005886;GO:1902911;GO:0043235;GO:0030315;GO:0005524;GO:0001965;GO:0042802;GO:0043559;GO:0005009;GO:0005158;GO:0043560;GO:0005520;GO:0031994;GO:0005010;GO:0043548;GO:0140318;GO:0004713;GO:0044877;GO:0097242;GO:0007409;GO:0003230;GO:1904045;GO:1904646;GO:1904385;GO:0071549;GO:0071392;GO:0071333;GO:1990314;GO:0071260;GO:0071393;GO:0071394;GO:0071560;GO:0034224;GO:0090398;GO:0021549;GO:0097062;GO:0030010;GO:0044849;GO:0021766;GO:0006955;GO:0008286;GO:0048009;GO:0043066;GO:1904193;GO:1903944;GO:0043409;GO:0010656;GO:0038083;GO:0043491;GO:0048680;GO:0030335;GO:0008284;GO:0120162;GO:0032467;GO:0051054;GO:0043410;GO:0033690;GO:0051897;GO:0043243;GO:0048661;GO:0090031;GO:0046777;GO:0046328;GO:0043279;GO:0045471;GO:1902065;GO:0035094;GO:0033197;GO:0007165;GO:0045056
O94806,GO:0005829;GO:0005654;GO:0005886;GO:0005524;GO:0004697;GO:0016301;GO:0046872;GO:0106310;GO:0007205;GO:0089700;GO:0006468;GO:0030148
Q9HAZ1,GO:0005634;GO:0005524;GO:0106310;GO:0004674;GO:0004712;GO:0004713;GO:0016310;GO:0043484
P50613,GO:0070516;GO:0019907;GO:0005737;GO:0005829;GO:0001650;GO:0001673;GO:0005654;GO:0005634;GO:0048471;GO:0005886;GO:0000439;GO:0005675;GO:0070985;GO:0005524;GO:0008094;GO:0004693;GO:0004672;GO:0106310;GO:0004674;GO:0008353;GO:0007049;GO:0051301;GO:0006281;GO:0016310;GO:0045944;GO:0050821;GO:0051726;GO:0000079;GO:2000045;GO:0042795;GO:0006366;GO:0006367
P29376,GO:0016020;GO:0005886;GO:0043235;GO:0005524;GO:0004672;GO:0004713;GO:0030298;GO:0004714;GO:0008283;GO:0071300;GO:0043066;GO:0038083;GO:0010666;GO:0010976;GO:0051897;GO:0006468;GO:0042127;GO:0045664;GO:0007165;GO:0007169
Q02750,GO:0005813;GO:0005829;GO:0005769;GO:0005783;GO:0005925;GO:0005794;GO:0005770;GO:0005739;GO:0005634;GO:0005886;GO:0005524;GO:0004708;GO:0005078;GO:0030295;GO:0004672;GO:0106310;GO:0043539;GO:0004674;GO:0004712;GO:0004713;GO:0097110;GO:0060020;GO:0048870;GO:0090398;GO:0021697;GO:0006935;GO:0035987;GO:0060502;GO:0038133;GO:0070371;GO:0060324;GO:0007507;GO:0048009;GO:0030216;GO:0060711;GO:0000165;GO:0042552;GO:0008285;GO:0030182;GO:0060674;GO:0050772;GO:0045893;GO:1903226;GO:0070374;GO:0010628;GO:0071902;GO:0006468;GO:0048679;GO:2000641;GO:0090170;GO:0032872;GO:0014044;GO:0007165;GO:0048538;GO:0030878;GO:0060440;GO:0044342
P11309,GO:0005737;GO:0005829;GO:0005730;GO:0005654;GO:0005634;GO:0005886;GO:0005524;GO:0030145;GO:0106310;GO:0043539;GO:0004674;GO:0043024;GO:0008134;GO:0006915;GO:0007049;GO:1990748;GO:0043066;GO:0043433;GO:0090336;GO:0060045;GO:1905062;GO:0045737;GO:0045893;GO:0071902;GO:1904263;GO:0046777;GO:0006468;GO:0050821;GO:1902033;GO:0022898;GO:0070561
Q04759,GO:0016235;GO:0034451;GO:0005829;GO:0001772;GO:0005886;GO:0005524;GO:0004697;GO:0046872;GO:0004672;GO:0106310;GO:0004674;GO:0007411;GO:0035739;GO:0060326;GO:0038095;GO:0006954;GO:0035556;GO:0006509;GO:0046627;GO:0070233;GO:2000563;GO:0032740;GO:0032743;GO:0032753;GO:0051092;GO:0050870;GO:2000318;GO:2000570;GO:0051973;GO:1904355;GO:0032212;GO:0006468;GO:0001558;GO:0006355;GO:0090330
Q9UHD2,GO:0005737;GO:0005829;GO:0043231;GO:0005654;GO:1902554;GO:0005524;GO:0042802;GO:0003676;GO:0051219;GO:0004672;GO:0019903;GO:0106310;GO:0004674;GO:0002218;GO:0140374;GO:0007249;GO:0002753;GO:0050830;GO:0051607;GO:0044565;GO:0006954;GO:0045087;GO:0010629;GO:1904262;GO:0018105;GO:0018107;GO:0010508;GO:0043123;GO:0032727;GO:0032728;GO:0016239;GO:0033138;GO:1904263;GO:0045944;GO:0032481;GO:0060340;GO:1904417;GO:0006468;GO:0032479;GO:0009615;GO:0060337
P29597,GO:0005737;GO:0009898;GO:0005856;GO:0005829;GO:0070062;GO:0019897;GO:0042022;GO:0072536;GO:0005634;GO:0005886;GO:0005524;GO:0005131;GO:0004715;GO:0004713;GO:0031702;GO:0030154;GO:0098586;GO:0019221;GO:0060397;GO:0006955;GO:0035722;GO:0035556;GO:0032740;GO:0032819;GO:0051142;GO:1900182;GO:0046427;GO:0042102;GO:2000318;GO:0032729;GO:0006468;GO:0007259;GO:0060337;GO:0060333;GO:0038196
P24941,GO:0015030;GO:0005813;GO:0000781;GO:0000793;GO:0097123;GO:0097124;GO:0097134;GO:0097135;GO:0000307;GO:0005737;GO:0005829;GO:0005768;GO:0001673;GO:0005635;GO:0005654;GO:0005634;GO:0005667;GO:0000805;GO:0000806;GO:0005524;GO:0030332;GO:0097472;GO:0004693;GO:0000287;GO:0019904;GO:0106310;GO:0004674;GO:0051301;GO:0071732;GO:0090398;GO:0007099;GO:0051298;GO:0006338;GO:0006281;GO:0006260;GO:0006351;GO:0000082;GO:0000086;GO:0051321;GO:0031571;GO:0000122;GO:0018105;GO:0008284;GO:0032298;GO:0045893;GO:0031453;GO:0043687;GO:0006813;GO:0006468;GO:0007265;GO:1905784;GO:0010389;GO:0010468;GO:0010033;GO:0007165
Q9NWZ3,GO:0009986;GO:0005737;GO:0005829;GO:0010008;GO:0005615;GO:0019897;GO:0005634;GO:0005886;GO:0005524;GO:0005149;GO:0016301;GO:0000287;GO:0019901;GO:0106310;GO:0004674;GO:0071222;GO:0019221;GO:0045087;GO:0070498;GO:0038172;GO:0035556;GO:0007254;GO:0002755;GO:0002446;GO:1990266;GO:0016310;GO:0043123;GO:0048661;GO:0008063;GO:0034142;GO:0034162;GO:0002224
Q13627,GO:0030424;GO:0005737;GO:0005856;GO:0030425;GO:0016607;GO:0005654;GO:0005634;GO:1990904;GO:0003779;GO:0005524;GO:0008092;GO:0140857;GO:0042802;GO:0004715;GO:0004672;GO:0043621;GO:0106310;GO:0004674;GO:0004712;GO:0004713;GO:0008353;GO:0048156;GO:0050321;GO:0003713;GO:0015631;GO:0034205;GO:0007623;GO:0043518;GO:0090310;GO:0031115;GO:0048025;GO:0007399;GO:0036289;GO:0018105;GO:0018107;GO:0038083;GO:0018108;GO:0045893;GO:0090312;GO:0033120;GO:0046777;GO:0006468
Q13188,GO:0005737;GO:0005829;GO:0005634;GO:0032991;GO:0005524;GO:0042802;GO:0000287;GO:0004672;GO:0106310;GO:0043539;GO:0004674;GO:0006915;GO:0060070;GO:0060706;GO:0007417;GO:0003157;GO:0050673;GO:0008625;GO:0097284;GO:0035329;GO:0035556;GO:0007254;GO:0090090;GO:0050680;GO:0046621;GO:0001841;GO:0035265;GO:0043491;GO:0043065;GO:0051091;GO:1902043;GO:0045600;GO:0046330;GO:0051897;GO:0032092;GO:0060215;GO:0006606;GO:0006468;GO:0050821;GO:0051262;GO:0060800;GO:0043408;GO:0061912;GO:0007165
Q9BZL6,GO:0005737;GO:0005829;GO:0005794;GO:0005654;GO:0005634;GO:0005886;GO:0005524;GO:0004697;GO:0046872;GO:0004672;GO:0005080;GO:0106310;GO:0004674;GO:0002250;GO:0001525;GO:0007155;GO:0035924;GO:0061154;GO:0035556;GO:0018105;GO:0018107;GO:0045766;GO:0043536;GO:0045785;GO:2000573;GO:0051091;GO:2001028;GO:0038033;GO:0010595;GO:0001938;GO:0070374;GO:0045743;GO:0032743;GO:0032757;GO:1902533;GO:0051092;GO:0050862;GO:0045944;GO:0030949;GO:0046777;GO:0089700;GO:0006468;GO:0070232;GO:0030148;GO:0050852;GO:0048010
Q9H2G2,GO:0031252;GO:0005737;GO:0005829;GO:0070062;GO:0048471;GO:0005524;GO:0045296;GO:0042802;GO:0042803;GO:0106310;GO:0004674;GO:0006915;GO:0031122;GO:0046777;GO:0042981;GO:0030334;GO:0051893
Q13237,GO:0016324;GO:0005829;GO:0031965;GO:0005524;GO:0030553;GO:0004692;GO:0042802;GO:0051019;GO:0004672;GO:0106310;GO:2001226;GO:0032332;GO:1903829;GO:0072659;GO:0006468;GO:0007165;GO:0046146
O96017,GO:0005737;GO:0005794;GO:0005654;GO:0005634;GO:0016605;GO:0005524;GO:0042802;GO:0046872;GO:0042803;GO:0019901;GO:0106310;GO:0004674;GO:0031625;GO:0051301;GO:0071480;GO:0000077;GO:0006974;GO:0006977;GO:0006978;GO:0006302;GO:0000086;GO:0008630;GO:0042771;GO:0044773;GO:0031573;GO:0090307;GO:0045893;GO:0046777;GO:0030163;GO:0006468;GO:0050821;GO:0006355;GO:0042176;GO:1901796;GO:0090399;GO:0042770;GO:0070242
P41743,GO:0016324;GO:0005923;GO:0005903;GO:0031252;GO:0005829;GO:0005768;GO:0070062;GO:0098978;GO:0000139;GO:0045171;GO:0015630;GO:0005654;GO:0005634;GO:0120157;GO:0005886;GO:0098685;GO:0043220;GO:0070160;GO:0005524;GO:0004697;GO:0046872;GO:0005543;GO:0004672;GO:0106310;GO:0004674;GO:0007015;GO:0016477;GO:0045216;GO:0032869;GO:0007010;GO:0035089;GO:0045197;GO:0042462;GO:0048194;GO:0035556;GO:0061024;GO:0043066;GO:0034351;GO:0043524;GO:0018105;GO:2000353;GO:0060252;GO:0046326;GO:0010976;GO:0051092;GO:0045747;GO:1903078;GO:0006468;GO:0006612;GO:0099072;GO:0070555;GO:0046903;GO:0016192
Q13976,GO:0001669;GO:0005737;GO:0005829;GO:0005794;GO:0005654;GO:0005886;GO:0042383;GO:0005524;GO:0005246;GO:0030553;GO:0004692;GO:0042802;GO:0048273;GO:0004672;GO:0106310;GO:0030036;GO:0061049;GO:0021549;GO:0019934;GO:0048668;GO:0016358;GO:0030900;GO:0014050;GO:0010920;GO:0090331;GO:1904753;GO:1904706;GO:0001764;GO:0042753;GO:0007204;GO:0006468;GO:0043087;GO:2000224;GO:0060087;GO:0007165;GO:0007286
P51955,GO:0005813;GO:0000794;GO:0005737;GO:0005829;GO:0000776;GO:0005874;GO:0030496;GO:0005730;GO:0005654;GO:0005634;GO:0032991;GO:0000922;GO:0005524;GO:0046872;GO:0004672;GO:0019903;GO:0106310;GO:0004674;GO:0001824;GO:0051301;GO:0051299;GO:0007059;GO:0051321;GO:0000278;GO:0090307;GO:1903126;GO:0051973;GO:1904355;GO:0032212;GO:0046777;GO:0006468;GO:0051988;GO:0046602;GO:0007088;GO:0051225
P06493,GO:0005813;GO:0000781;GO:0097122;GO:0097125;GO:0000307;GO:0005737;GO:0005829;GO:0005789;GO:0070062;GO:0016020;GO:0030496;GO:0005759;GO:0005739;GO:0072686;GO:0005654;GO:0005634;GO:0005876;GO:0005524;GO:0003682;GO:0030332;GO:0097472;GO:0004693;GO:0035173;GO:0030544;GO:0016301;GO:0004672;GO:0106310;GO:0004674;GO:0008353;GO:0001618;GO:0031100;GO:0006915;GO:0051301;GO:0016477;GO:0070301;GO:0071407;GO:0007098;GO:0030261;GO:0006281;GO:0006260;GO:0030855;GO:0070371;GO:0048144;GO:0000082;GO:0000086;GO:0090166;GO:0000226;GO:1902850;GO:0007095;GO:0043066;GO:0010629;GO:0018105;GO:0018107;GO:0060045;GO:0045740;GO:0010971;GO:0010628;GO:1905448;GO:0062033;GO:0042307;GO:1900182;GO:0007344;GO:0034501;GO:0006468;GO:0065003;GO:0042752;GO:0045995;GO:0014038;GO:0014823;GO:0014075;GO:0048678;GO:0046686;GO:0046688;GO:0045471;GO:0009636;GO:0009410;GO:0048511;GO:0055015
P49336,GO:1990508;GO:0016592;GO:0005730;GO:0005654;GO:0005634;GO:0032991;GO:0000151;GO:0005524;GO:0004693;GO:0004672;GO:0106310;GO:0004674;GO:0008353;GO:0061630;GO:0090209;GO:0016310;GO:0016567
P45983,GO:0030424;GO:0097441;GO:0005737;GO:0005829;GO:0005739;GO:0005654;GO:0005634;GO:0045202;GO:0005524;GO:0019899;GO:0042826;GO:0035033;GO:0004705;GO:0019903;GO:0106310;GO:0004674;GO:0120283;GO:0034198;GO:0071276;GO:0071222;GO:0071260;GO:0034599;GO:0034614;GO:0090398;GO:0038095;GO:0007254;GO:0007258;GO:0043066;GO:0032091;GO:0018105;GO:0018107;GO:0043065;GO:0031343;GO:0031281;GO:0010628;GO:1900227;GO:1900740;GO:0051247;GO:0006468;GO:0042752;GO:1902595;GO:0016241;GO:0032880;GO:0009612;GO:0006979;GO:0009411;GO:0048511;GO:0051403
P36888,GO:0005783;GO:0005788;GO:0010008;GO:0005886;GO:0043235;GO:0005524;GO:0004896;GO:0019838;GO:0035259;GO:0141038;GO:0043621;GO:0004713;GO:0044877;GO:0004714;GO:0005021;GO:0031100;GO:0030183;GO:0071345;GO:0071385;GO:0035726;GO:0019221;GO:0097028;GO:0030097;GO:0001776;GO:0046651;GO:0002318;GO:0018108;GO:0008284;GO:0043406;GO:0043410;GO:0051897;GO:0042531;GO:0002328;GO:0046777;GO:0042981;GO:0010243;GO:0007169
Q9NYL2,GO:0005737;GO:0005829;GO:0005634;GO:0005524;GO:0004706;GO:0000287;GO:0004709;GO:0030295;GO:0106310;GO:0004674;GO:0043022;GO:0003723;GO:0070181;GO:0170011;GO:0008219;GO:0030154;GO:0071480;GO:0071493;GO:0007059;GO:0007010;GO:0000077;GO:0042733;GO:0140469;GO:0007254;GO:0060173;GO:0070303;GO:1902010;GO:0038066;GO:0043065;GO:1904291;GO:0043068;GO:0046777;GO:0006468;GO:0070269;GO:0030071;GO:0051403;GO:0031098
Q7KZI7,GO:0005884;GO:0005737;GO:0030425;GO:0016328;GO:0016020;GO:0097427;GO:0005739;GO:0005654;GO:0005886;GO:0005524;GO:0045296;GO:0008289;GO:0000287;GO:0030295;GO:0106310;GO:0004674;GO:0003723;GO:0048156;GO:0050321;GO:0032147;GO:0000422;GO:0061564;GO:0030010;GO:0071963;GO:0045197;GO:0035556;GO:0000226;GO:0051646;GO:0001764;GO:0018105;GO:0018107;GO:0010976;GO:0046777;GO:0006468;GO:0050770;GO:0051493;GO:1904526;GO:0070507;GO:0016055
P68400,GO:0005829;GO:0005654;GO:0005634;GO:0005886;GO:0016605;GO:0005956;GO:0070822;GO:0005524;GO:0051879;GO:0042802;GO:0016301;GO:0106310;GO:0004674;GO:0006915;GO:0007049;GO:0061077;GO:0006974;GO:0006302;GO:2001234;GO:0043154;GO:0017148;GO:2000059;GO:0018105;GO:0018107;GO:0030307;GO:0008284;GO:0045732;GO:0030177;GO:0006468;GO:0050821;GO:0051726;GO:1905818;GO:0048511;GO:0007165;GO:0075342;GO:0016055
Q8NE63,GO:0005737;GO:0005634;GO:0005524;GO:0035173;GO:0106310;GO:0004674;GO:0004713;GO:0016310;GO:1901796
P22607,GO:0009986;GO:0005783;GO:0005576;GO:0005794;GO:0005886;GO:0043235;GO:0030133;GO:0005524;GO:0017134;GO:0005007;GO:0042802;GO:0004713;GO:0070977;GO:0030282;GO:0060349;GO:0007267;GO:0002062;GO:0035988;GO:0003416;GO:0001958;GO:1902178;GO:0008543;GO:0000165;GO:0048640;GO:0016310;GO:0008284;GO:0070374;GO:0043410;GO:0051897;GO:0010518;GO:0042531;GO:0007259;GO:0001501;GO:0007169
P30530,GO:0015629;GO:0009986;GO:0070062;GO:0005615;GO:0043231;GO:0005886;GO:0043235;GO:0005524;GO:0032036;GO:0043548;GO:0001786;GO:0004713;GO:0004714;GO:0001618;GO:0031100;GO:0001974;GO:0048469;GO:0016477;GO:0031668;GO:0070301;GO:0035457;GO:0071222;GO:0097028;GO:0034101;GO:0051649;GO:0021885;GO:0006954;GO:0045087;GO:0001779;GO:0043066;GO:2000669;GO:0051250;GO:0010936;GO:0043524;GO:0032720;GO:0032689;GO:0007399;GO:0051402;GO:0001764;GO:0097350;GO:0042698;GO:0006909;GO:0043491;GO:0016310;GO:0030168;GO:0001961;GO:0032825;GO:0051897;GO:0048549;GO:1903902;GO:0048678;GO:0032940;GO:0007165;GO:0007283;GO:0034446;GO:0007169;GO:0060068;GO:0048010;GO:0046718
P53667,GO:0005737;GO:0005856;GO:0005829;GO:0005925;GO:0030027;GO:0001673;GO:0016020;GO:0043005;GO:0016607;GO:0005634;GO:0005524;GO:0031072;GO:0046872;GO:0004672;GO:0106310;GO:0004674;GO:0030036;GO:0048675;GO:0038096;GO:0051444;GO:0007399;GO:0032233;GO:0045773;GO:0051496;GO:0006468;GO:0007266;GO:0007165;GO:0043149
Q96GD4,GO:0010369;GO:0032133;GO:0000779;GO:0005829;GO:0000776;GO:0015630;GO:0030496;GO:1990023;GO:0097431;GO:0005654;GO:0005634;GO:0005819;GO:0005876;GO:0051233;GO:0031616;GO:0005524;GO:0019900;GO:0106310;GO:0004674;GO:0004712;GO:0009838;GO:0008608;GO:0044839;GO:0034644;GO:0036089;GO:0016570;GO:0000278;GO:0000281;GO:0044878;GO:0051256;GO:0007052;GO:0002903;GO:0160049;GO:0032466;GO:0045824;GO:0032091;GO:0000122;GO:1902425;GO:0032467;GO:1905116;GO:0090267;GO:1903490;GO:0062033;GO:1901970;GO:0001934;GO:0051973;GO:1904355;GO:0032212;GO:0043687;GO:0046777;GO:0034501;GO:0006468;GO:0051983;GO:0032465;GO:1901796;GO:0007051
Q5S007,GO:0044753;GO:0044754;GO:0030424;GO:0016323;GO:0099400;GO:0005737;GO:0032473;GO:0031410;GO:0005856;GO:0005829;GO:0030425;GO:0032839;GO:0005783;GO:0070971;GO:0005789;GO:0005768;GO:0070062;GO:0005615;GO:0098978;GO:0005794;GO:0000139;GO:0005798;GO:0030426;GO:0043231;GO:0005764;GO:0045121;GO:0005902;GO:0005743;GO:0005759;GO:0031966;GO:0005741;GO:0005739;GO:0097487;GO:0043005;GO:0043025;GO:0043204;GO:0005886;GO:0098794;GO:0099523;GO:1990904;GO:0030672;GO:0043195;GO:0005802;GO:1990909;GO:0003779;GO:0005524;GO:1904713;GO:0030276;GO:0039706;GO:0005525;GO:0034211;GO:0005096;GO:0003924;GO:0042802;GO:0004706;GO:0016301;GO:0000287;GO:0004709;GO:0008017;GO:0036479;GO:0042803;GO:0051018;GO:0004672;GO:0106310;GO:0004674;GO:0005102;GO:0030159;GO:0031267;GO:0000149;GO:0017075;GO:0044325;GO:0015631;GO:0006914;GO:0019722;GO:0060070;GO:1903351;GO:0071287;GO:0071407;GO:0034599;GO:0034614;GO:0009267;GO:0071356;GO:0008340;GO:0006897;GO:0007029;GO:0060079;GO:0035640;GO:0007030;GO:0046039;GO:0048312;GO:0035556;GO:0007254;GO:0035641;GO:0007040;GO:0000165;GO:0051646;GO:0007005;GO:1902902;GO:1902236;GO:0090394;GO:0034260;GO:1902823;GO:0016242;GO:0010977;GO:0032091;GO:0001933;GO:0010955;GO:1903217;GO:1903215;GO:1903125;GO:0007528;GO:0140058;GO:0048812;GO:0021772;GO:0018105;GO:0018107;GO:0016310;GO:0010508;GO:0090263;GO:0060161;GO:0043406;GO:1903980;GO:0051770;GO:0043068;GO:0032436;GO:1902499;GO:0032092;GO:0045860;GO:0001934;GO:0031398;GO:1900244;GO:0032760;GO:0046777;GO:0006606;GO:0008104;GO:0070973;GO:0070585;GO:0006468;GO:0010506;GO:2000172;GO:1905289;GO:0060828;GO:0061001;GO:0060159;GO:0060628;GO:0035564;GO:0040012;GO:0035751;GO:0042391;GO:0051900;GO:0090140;GO:1902692;GO:0014041;GO:0010738;GO:0031647;GO:2000377;GO:1905279;GO:0051966;GO:2000300;GO:1902803;GO:0006979;GO:0007266;GO:0007283;GO:0021756;GO:0022028;GO:1904887
Q02779,GO:0005737;GO:0005524;GO:0043425;GO:0004706;GO:0042803;GO:0004672;GO:0106310;GO:0004674;GO:0003714;GO:0006915;GO:0007254;GO:0043433;GO:0045892;GO:0018105;GO:0018107;GO:0043065;GO:0046330;GO:0043507;GO:0046777;GO:0007165;GO:0007224
P08922,GO:0016020;GO:0005886;GO:0043235;GO:0005524;GO:0019903;GO:0004713;GO:0004714;GO:0030154;GO:0002066;GO:0006468;GO:0001558;GO:0070372;GO:0032006;GO:0007283;GO:0007169
P49137,GO:0005813;GO:0005737;GO:0005829;GO:0070062;GO:0005654;GO:0005634;GO:0005524;GO:0009931;GO:0005516;GO:0004683;GO:0051019;GO:0004672;GO:0106310;GO:0004674;GO:0070935;GO:0035924;GO:0006974;GO:0006954;GO:0048839;GO:0035556;GO:0006691;GO:0044351;GO:0000165;GO:0038066;GO:0018105;GO:0060907;GO:0032760;GO:0006468;GO:1900034;GO:0032675;GO:0043488;GO:0032680;GO:0010803;GO:0034097;GO:0032496;GO:0002224;GO:0048010
P43405,GO:0019815;GO:0005737;GO:0005829;GO:0032009;GO:0031234;GO:0005634;GO:0005886;GO:0032991;GO:0042101;GO:0005524;GO:0005178;GO:0016170;GO:0016301;GO:0004715;GO:0019902;GO:0043274;GO:0001784;GO:0004672;GO:0019901;GO:0004674;GO:0004713;GO:0097110;GO:0042169;GO:0005102;GO:0035325;GO:0002250;GO:0001525;GO:0009887;GO:0030183;GO:0050853;GO:0043366;GO:0048514;GO:0019722;GO:0001775;GO:0030154;GO:1990858;GO:0071396;GO:0071404;GO:0071226;GO:0038063;GO:0042742;GO:0038095;GO:0038096;GO:0042492;GO:0045087;GO:0007229;GO:0038156;GO:0035556;GO:0002366;GO:0007159;GO:0019370;GO:0001945;GO:0002281;GO:0043303;GO:0002862;GO:0002283;GO:0030593;GO:0018108;GO:0030168;GO:0046638;GO:0046641;GO:0045579;GO:0045780;GO:0050850;GO:0033630;GO:0120162;GO:0043280;GO:0045588;GO:0032725;GO:0032733;GO:0032735;GO:0032752;GO:0032753;GO:0032755;GO:0032757;GO:0051712;GO:0043410;GO:0032765;GO:0043306;GO:0071639;GO:0050731;GO:0031334;GO:0002092;GO:0032930;GO:1904263;GO:0032760;GO:0032481;GO:0006606;GO:0006468;GO:0031623;GO:0090237;GO:0051090;GO:0070372;GO:0043313;GO:0050764;GO:0010543;GO:0090330;GO:0032928;GO:0010803;GO:0002554;GO:0002223;GO:0007169
Q00535,GO:0030424;GO:0030054;GO:0000307;GO:0005737;GO:0005829;GO:0030425;GO:0030175;GO:0030426;GO:0030027;GO:0016020;GO:0031594;GO:0043005;GO:0043025;GO:0005654;GO:0005634;GO:0043204;GO:0005886;GO:0014069;GO:0098793;GO:0016533;GO:0030549;GO:0005524;GO:0004693;GO:0005176;GO:0043125;GO:0051879;GO:0016301;GO:0002039;GO:0004672;GO:0106310;GO:0004674;GO:0048156;GO:0050321;GO:0048675;GO:0007409;GO:0048148;GO:0070509;GO:0051301;GO:0007160;GO:1904646;GO:0021954;GO:0021697;GO:0007268;GO:0022038;GO:0048813;GO:0060079;GO:0021766;GO:0006886;GO:0021819;GO:0000226;GO:0008045;GO:0030517;GO:0045786;GO:0045892;GO:0046826;GO:0031397;GO:0045861;GO:0031914;GO:0051402;GO:0030182;GO:0001764;GO:0031175;GO:0048709;GO:0018105;GO:0018107;GO:0016310;GO:0045956;GO:0043525;GO:0090314;GO:0035418;GO:0006468;GO:0032801;GO:0043113;GO:0042981;GO:0051726;GO:0030334;GO:0061001;GO:0016241;GO:1903076;GO:0048167;GO:0051966;GO:1903421;GO:0000083;GO:0048511;GO:0014044;GO:0019233;GO:0007519;GO:0007416;GO:0001963;GO:0035249;GO:0048488;GO:0016079;GO:0048489;GO:0008542
Q9UEE5,GO:0016607;GO:0005634;GO:0005886;GO:0005524;GO:0106310;GO:0004674;GO:0006915;GO:0035556;GO:0043065;GO:2000271;GO:0006468;GO:2000377
Q16539,GO:0005737;GO:0005829;GO:0005576;GO:1904813;GO:0098978;GO:0005739;GO:0016607;GO:0005654;GO:0005634;GO:0034774;GO:0000922;GO:0005524;GO:0019899;GO:0004707;GO:0004708;GO:0048273;GO:0051525;GO:0019903;GO:0106310;GO:0004674;GO:0070935;GO:0001525;GO:0006915;GO:0060348;GO:0001502;GO:0000902;GO:0007166;GO:0071479;GO:0071222;GO:0071223;GO:0071356;GO:0071493;GO:0035924;GO:0098586;GO:0090398;GO:0006935;GO:0002062;GO:0000077;GO:0019395;GO:0046323;GO:0006006;GO:0035556;GO:0031663;GO:0090090;GO:0035331;GO:0002862;GO:0001649;GO:0030316;GO:0038066;GO:0018105;GO:0001890;GO:0030168;GO:0090336;GO:0060045;GO:0031281;GO:0045648;GO:0010628;GO:0046326;GO:0032735;GO:0051149;GO:0045663;GO:1901741;GO:0010831;GO:0042307;GO:2000379;GO:0045944;GO:1900015;GO:0030278;GO:0099179;GO:0006357;GO:0002021;GO:0032868;GO:0032495;GO:0035994;GO:0007165;GO:0042770;GO:0007519;GO:0048863;GO:0051403;GO:0031098;GO:0090400;GO:0051146;GO:0006366;GO:0007178;GO:0048010
Q06418,GO:0009986;GO:0005789;GO:0005635;GO:0005634;GO:0005886;GO:0043235;GO:0005524;GO:0043548;GO:0004713;GO:0004714;GO:0001618;GO:0043277;GO:0007155;GO:0016477;GO:0051649;GO:0021885;GO:0001779;GO:0050728;GO:0045824;GO:0051250;GO:0043524;GO:0034122;GO:0007399;GO:0051402;GO:0070050;GO:0001764;GO:0007218;GO:0042698;GO:0006909;GO:0043491;GO:0030168;GO:0070527;GO:1903902;GO:0046777;GO:0032940;GO:0007165;GO:0007283;GO:0034446;GO:0007169;GO:0060068
Q05397,GO:0005938;GO:0005813;GO:0036064;GO:0005737;GO:0005856;GO:0005829;GO:0043197;GO:0005925;GO:0043231;GO:0005634;GO:0048471;GO:0005886;GO:0001725;GO:0003779;GO:0005524;GO:0005178;GO:0008432;GO:0140677;GO:0004715;GO:0019901;GO:0019903;GO:0004713;GO:0004725;GO:0042169;GO:0001525;GO:0007411;GO:0016477;GO:0048870;GO:0035995;GO:0048013;GO:0007173;GO:0030010;GO:0038096;GO:0060396;GO:0003007;GO:0007229;GO:2000811;GO:0043066;GO:0022408;GO:0038007;GO:0018108;GO:0001890;GO:0030335;GO:0008284;GO:0010634;GO:0010718;GO:0010763;GO:0010759;GO:0120041;GO:0051897;GO:0045860;GO:0001934;GO:2000060;GO:0090303;GO:0046777;GO:0030155;GO:0033628;GO:0042127;GO:0008360;GO:0051493;GO:0010594;GO:0010632;GO:0051893;GO:0043087;GO:0045667;GO:0001932;GO:1900024;GO:0007172;GO:0007179;GO:0048010
P00519,GO:0015629;GO:0005737;GO:0005829;GO:0030425;GO:0030426;GO:0005739;GO:0043025;GO:0016604;GO:0031965;GO:0005730;GO:0005654;GO:0005634;GO:0048471;GO:0098794;GO:0032991;GO:0001726;GO:0051015;GO:0003785;GO:0005524;GO:0000405;GO:0070097;GO:0003677;GO:0046875;GO:0000400;GO:0016301;GO:0000287;GO:0030145;GO:0051019;GO:0038191;GO:0004515;GO:0004715;GO:0001784;GO:0070064;GO:0004672;GO:0005080;GO:0043621;GO:0004713;GO:1990837;GO:0042169;GO:0017124;GO:0019905;GO:0003713;GO:0030036;GO:0030041;GO:0050798;GO:1990051;GO:0046632;GO:0008306;GO:0006914;GO:0002322;GO:0050853;GO:0001922;GO:0060020;GO:0030509;GO:0007249;GO:0060038;GO:0098609;GO:1903351;GO:0070301;GO:0071222;GO:0034599;GO:0071560;GO:0090398;GO:0021587;GO:1904157;GO:0071103;GO:0006974;GO:0043542;GO:0007173;GO:0070371;GO:0051649;GO:0038096;GO:0007229;GO:0008630;GO:0030035;GO:0006298;GO:0051882;GO:0000278;GO:0051450;GO:0030514;GO:0043124;GO:0022408;GO:2000773;GO:2000042;GO:2000352;GO:0070373;GO:1900272;GO:0045930;GO:1900275;GO:0071901;GO:0051444;GO:0001843;GO:0060563;GO:0050885;GO:0051402;GO:0030182;GO:0038189;GO:0038083;GO:0018108;GO:0035791;GO:1903210;GO:1904531;GO:0043065;GO:1905555;GO:0043123;GO:0090050;GO:0007204;GO:1900006;GO:0010595;GO:0070374;GO:1903905;GO:1903055;GO:0048146;GO:0051894;GO:0032743;GO:1904528;GO:0045931;GO:0043525;GO:0033690;GO:0051353;GO:0050731;GO:0001934;GO:0051281;GO:0051496;GO:1900026;GO:2000406;GO:0045944;GO:0032729;GO:0045907;GO:2000096;GO:0009791;GO:0046777;GO:1904518;GO:0036211;GO:0032956;GO:0042981;GO:0010506;GO:0030516;GO:0032489;GO:0030155;GO:0051726;GO:2000145;GO:0006355;GO:0030100;GO:1902036;GO:0031113;GO:1905244;GO:0045580;GO:0034976;GO:0071871;GO:0006979;GO:0009410;GO:0042770;GO:0048536;GO:0034446;GO:0050852;GO:0048538;GO:0002333
P09619,GO:0016324;GO:0005737;GO:0031410;GO:0005925;GO:0005794;GO:0043231;GO:0043202;GO:0016020;GO:0005634;GO:0005886;GO:0043235;GO:0005524;GO:0019899;GO:0004992;GO:0005019;GO:0048407;GO:0005017;GO:0005161;GO:0004672;GO:0019901;GO:0004713;GO:0005102;GO:0038085;GO:0035909;GO:0055003;GO:0060326;GO:0060981;GO:0035441;GO:0072277;GO:0072262;GO:0018108;GO:0046488;GO:0048008;GO:0035791;GO:0090280;GO:0050850;GO:0030335;GO:0008284;GO:0038091;GO:0050921;GO:2000573;GO:0070374;GO:0043406;GO:0035793;GO:0045840;GO:0051897;GO:0010863;GO:0032516;GO:2000379;GO:0014911;GO:0048661;GO:0046777;GO:0032956;GO:0061298;GO:0007165;GO:0071670;GO:0007169
P07949,GO:0030424;GO:0030425;GO:0005769;GO:0010008;GO:0043025;GO:0005886;GO:0098797;GO:0043235;GO:0005524;GO:0005509;GO:0004713;GO:0038023;GO:0004714;GO:0006919;GO:0007411;GO:0071300;GO:0001838;GO:0048484;GO:0035860;GO:0007156;GO:0060384;GO:0097021;GO:0000165;GO:0033619;GO:0001755;GO:0007158;GO:0042551;GO:0061146;GO:0033630;GO:0030335;GO:0045793;GO:0045893;GO:2001241;GO:0010628;GO:0043410;GO:0072300;GO:0014042;GO:0010976;GO:0033141;GO:0051897;GO:0007497;GO:0006468;GO:0050770;GO:0030155;GO:0048265;GO:0009410;GO:0060041;GO:0007165;GO:0007169;GO:0035799;GO:0001657
P04626,GO:0016324;GO:0009925;GO:0016323;GO:0005829;GO:0005769;GO:0010008;GO:0038143;GO:0016020;GO:0043209;GO:0031594;GO:0005654;GO:0005634;GO:0048471;GO:0005886;GO:0042734;GO:0043235;GO:0032587;GO:0002116;GO:0005524;GO:0015026;GO:0043125;GO:0042802;GO:0046982;GO:0004713;GO:0030971;GO:0001042;GO:0005102;GO:0004714;GO:0004888;GO:0007166;GO:0071364;GO:0071363;GO:0007167;GO:0038134;GO:0038133;GO:0038135;GO:0007507;GO:0033080;GO:0035556;GO:0008045;GO:0042552;GO:0043066;GO:0033088;GO:0022008;GO:0007528;GO:0030182;GO:0099645;GO:0048709;GO:0018108;GO:0043491;GO:0045785;GO:0030307;GO:0008284;GO:0050679;GO:0043406;GO:0043410;GO:0001934;GO:0090314;GO:0035025;GO:0045943;GO:0045727;GO:0006468;GO:0045765;GO:0070372;GO:0032886;GO:0014044;GO:0071526;GO:0007165;GO:0007169;GO:0042060
P12931,GO:0005884;GO:0005901;GO:0030054;GO:0005737;GO:0005829;GO:1902737;GO:0044294;GO:0070062;GO:0031234;GO:0005925;GO:0098978;GO:0005770;GO:0005764;GO:0045121;GO:0005743;GO:0005739;GO:0043025;GO:0005654;GO:0048471;GO:0005886;GO:0002102;GO:0099091;GO:0032587;GO:0097060;GO:0005524;GO:0051117;GO:0070700;GO:0045296;GO:0071253;GO:0019899;GO:0046875;GO:0020037;GO:0005158;GO:0005178;GO:0004715;GO:0030331;GO:0016004;GO:0043274;GO:0051219;GO:0004672;GO:0005080;GO:0004713;GO:0097110;GO:0042169;GO:0005102;GO:0044325;GO:0034332;GO:0038166;GO:0045453;GO:0060444;GO:0007155;GO:0007049;GO:0030154;GO:0098609;GO:0071398;GO:0071498;GO:0070301;GO:0071456;GO:0032869;GO:0071222;GO:0071375;GO:0036120;GO:0071393;GO:1990646;GO:0071897;GO:0035635;GO:0048013;GO:0007173;GO:0038128;GO:0038096;GO:0048041;GO:0030900;GO:0045087;GO:0007229;GO:0070102;GO:0060576;GO:0035556;GO:0007611;GO:0050900;GO:0016236;GO:0051450;GO:2000811;GO:0043066;GO:0043154;GO:2001237;GO:0051895;GO:0010629;GO:0002862;GO:2001243;GO:0051902;GO:0031333;GO:0051974;GO:0032211;GO:0048011;GO:0042476;GO:0048477;GO:0036035;GO:0018108;GO:0030168;GO:0048008;GO:0043065;GO:0045780;GO:0090263;GO:0001819;GO:0035306;GO:0010634;GO:0070374;GO:0010907;GO:0035332;GO:0046628;GO:0033625;GO:2000394;GO:2000256;GO:1903997;GO:0045747;GO:2000386;GO:0050731;GO:0051897;GO:2000588;GO:0071803;GO:1900182;GO:0010954;GO:0071902;GO:0051222;GO:0046579;GO:0051057;GO:0014911;GO:1904263;GO:1904707;GO:0001545;GO:0050847;GO:0046777;GO:0031648;GO:0045124;GO:2001286;GO:0060491;GO:0022407;GO:2000641;GO:0010632;GO:0086091;GO:0033146;GO:0034139;GO:0043114;GO:0010447;GO:0051602;GO:0070555;GO:0009612;GO:0051385;GO:0031667;GO:0009410;GO:0007172;GO:0007165;GO:0014856;GO:0007283;GO:0002223;GO:0043149;GO:0034446;GO:0031295;GO:0045056;GO:0007179;GO:0060065;GO:0048010
P29317,GO:0009986;GO:0005925;GO:0030027;GO:0031258;GO:0031256;GO:0005886;GO:0043235;GO:0032587;GO:0070160;GO:0005524;GO:0045296;GO:0005003;GO:0019838;GO:0140677;GO:0004714;GO:0001618;GO:0090630;GO:0048320;GO:0002043;GO:0046849;GO:0060444;GO:0046058;GO:0007155;GO:0060326;GO:0016477;GO:0048870;GO:0050830;GO:0048013;GO:0006954;GO:0008630;GO:0030216;GO:0070309;GO:0033598;GO:0016525;GO:0032682;GO:1901491;GO:0051898;GO:0021915;GO:0030182;GO:0060035;GO:0014028;GO:0001649;GO:0030316;GO:1904238;GO:0043491;GO:0016310;GO:1903348;GO:0030335;GO:1903078;GO:0036342;GO:0072659;GO:0045765;GO:0043535;GO:0033628;GO:0070372;GO:0010591;GO:0070848;GO:0001501;GO:0007169;GO:0001570
P08581,GO:0009925;GO:0009986;GO:0005576;GO:0016020;GO:0005886;GO:0043235;GO:0005524;GO:0005008;GO:0042802;GO:0140677;GO:0019903;GO:0004713;GO:0017154;GO:0048754;GO:0016477;GO:0007166;GO:0001886;GO:0061436;GO:0001889;GO:0010507;GO:1905098;GO:1901299;GO:0035024;GO:0051497;GO:0070495;GO:0007399;GO:0030182;GO:0031016;GO:0006909;GO:0016310;GO:0050918;GO:2001028;GO:0031116;GO:0045944;GO:0071526;GO:0007165;GO:0007169
Q04771,GO:0048179;GO:0045177;GO:0070724;GO:0005886;GO:0048185;GO:0016361;GO:0005524;GO:0098821;GO:0045296;GO:0046872;GO:0017046;GO:0042803;GO:0004672;GO:0004674;GO:1990782;GO:0046332;GO:0050431;GO:0005025;GO:0004675;GO:0032924;GO:0002526;GO:0003289;GO:0003181;GO:0030509;GO:0001569;GO:0060923;GO:0071773;GO:0071363;GO:0007368;GO:0009953;GO:0003143;GO:0061445;GO:0003272;GO:0003274;GO:0001702;GO:0007281;GO:0007507;GO:0001701;GO:0001707;GO:0003183;GO:0032926;GO:2001237;GO:2000134;GO:0009968;GO:0001755;GO:0060037;GO:0016310;GO:0030501;GO:0062043;GO:0030335;GO:2000017;GO:0045893;GO:0045669;GO:0050731;GO:0060391;GO:0045944;GO:0030278;GO:0051145;GO:0007179;GO:0060412
P10721,GO:0001669;GO:0005911;GO:0009898;GO:0009897;GO:0005615;GO:0001650;GO:0005886;GO:0043235;GO:0005524;GO:0019955;GO:0019838;GO:0046872;GO:0002020;GO:0042803;GO:0004713;GO:0042169;GO:0005020;GO:0004714;GO:0030036;GO:0030183;GO:0060326;GO:0019221;GO:0050910;GO:0048565;GO:0035234;GO:0035162;GO:0050673;GO:0030218;GO:0038162;GO:0038093;GO:0008354;GO:0006687;GO:0002244;GO:0035701;GO:0030097;GO:0002327;GO:0006954;GO:0035556;GO:0038109;GO:0030032;GO:0002320;GO:0008584;GO:0002551;GO:0043303;GO:0060374;GO:0070662;GO:0035855;GO:0097326;GO:0030318;GO:0097324;GO:0002318;GO:0051093;GO:0043069;GO:2000242;GO:0001541;GO:0043473;GO:0030335;GO:1904343;GO:0002732;GO:0051091;GO:0048170;GO:0043410;GO:0032765;GO:0070668;GO:0045747;GO:0051897;GO:0010863;GO:0031274;GO:0120072;GO:0046427;GO:1904349;GO:0042531;GO:1905065;GO:0046777;GO:1904251;GO:0042127;GO:0008360;GO:0046686;GO:0007165;GO:0035019;GO:0007286;GO:0007283;GO:0048863;GO:0019827;GO:0030217;GO:0043586;GO:0008542
Q9HCP0,GO:0005829;GO:0005634;GO:0005886;GO:0005524;GO:0106310;GO:0004674;GO:0006897;GO:0016310;GO:0090263;GO:0007165;GO:0016055
Q08881,GO:0005911;GO:0005829;GO:0005634;GO:0005886;GO:0005524;GO:0046872;GO:0004715;GO:0007202;GO:0002250;GO:0050853;GO:0006968;GO:0046629;GO:0035556;GO:0001865;GO:0016310;GO:0001819;GO:0007165;GO:0042110;GO:0050852
P51957,GO:0036064;GO:0097014;GO:0035253;GO:0035869;GO:0005737;GO:0005829;GO:0005524;GO:0030145;GO:0106310;GO:0004674;GO:0051301;GO:0006974;GO:0000278;GO:0045893;GO:0006468;GO:2000772
P42679,GO:0005829;GO:0016020;GO:0005524;GO:0004715;GO:0004713;GO:0008284;GO:0006468
O00444,GO:0005814;GO:0005813;GO:0032154;GO:0005829;GO:0098536;GO:0005730;GO:0120098;GO:0120099;GO:0001741;GO:0005524;GO:0042802;GO:0106310;GO:0004674;GO:0007099;GO:0060271;GO:0098535;GO:0046601;GO:0006468;GO:0060707
Q9H4B4,GO:0005813;GO:0005737;GO:0030425;GO:0005795;GO:0000776;GO:0043025;GO:0005730;GO:0005654;GO:0005634;GO:0000922;GO:0005524;GO:0002039;GO:0106310;GO:0004674;GO:0006915;GO:0031122;GO:0006974;GO:0006977;GO:0007113;GO:0000082;GO:0000086;GO:0090166;GO:0044819;GO:0007052;GO:0043066;GO:0000122;GO:0043491;GO:1904716;GO:0090316;GO:2000777;GO:0006468;GO:0051302;GO:0032465;GO:1901796;GO:0006970;GO:0009314;GO:0000302
Q14012,GO:0005829;GO:0005634;GO:0005524;GO:0005516;GO:0004683;GO:0106310;GO:0007049;GO:0030154;GO:0035556;GO:0032091;GO:0007399;GO:0006913;GO:0060999;GO:0051149;GO:0010976;GO:0046827;GO:0071902;GO:0051835;GO:0060143;GO:0045944;GO:0006468;GO:0051147;GO:0043393;GO:0032880;GO:0007165
O75676,GO:0005737;GO:0005829;GO:0005654;GO:0005634;GO:0045202;GO:0005524;GO:0035175;GO:0044022;GO:0000287;GO:0106310;GO:0004674;GO:0004711;GO:0006954;GO:0070498;GO:0035556;GO:0001818;GO:0032793;GO:0051092;GO:0045944;GO:0043687;GO:0006468;GO:0006355
Q9H3Y6,GO:0005737;GO:0005829;GO:0031234;GO:0005524;GO:0004715;GO:0004713;GO:0005102;GO:0030154;GO:0045087;GO:0009968;GO:0038083;GO:0018108;GO:1904263;GO:0007169
Q13882,GO:0005737;GO:0005829;GO:0031234;GO:0016604;GO:0005654;GO:0005634;GO:0005886;GO:0001726;GO:0005524;GO:0042802;GO:0004715;GO:0004713;GO:0005102;GO:0030154;GO:0016477;GO:0071300;GO:0038128;GO:0045087;GO:0060575;GO:0045926;GO:0061099;GO:0045787;GO:0045742;GO:0010976;GO:0042531;GO:0046777;GO:0006468;GO:0007169;GO:0007260
Q14164,GO:0005737;GO:0005829;GO:0031966;GO:0005654;GO:0005634;GO:0016605;GO:1902554;GO:0005524;GO:0042802;GO:0008384;GO:0036435;GO:0019903;GO:0004674;GO:0031625;GO:0098586;GO:0051607;GO:0010467;GO:0006955;GO:0097400;GO:0008630;GO:0048255;GO:0038061;GO:0043123;GO:0051091;GO:0010884;GO:0032481;GO:0060340;GO:0043254;GO:0035456;GO:0060337
Q14289,GO:0097440;GO:0044297;GO:0005938;GO:0005737;GO:0005856;GO:0005829;GO:0030425;GO:0043197;GO:0005925;GO:0098978;GO:0030426;GO:0030027;GO:0043025;GO:0017146;GO:0005634;GO:0048471;GO:0014069;GO:0099092;GO:0098793;GO:0098685;GO:0043423;GO:0005524;GO:0004683;GO:0004972;GO:0004715;GO:0043621;GO:0004713;GO:0044877;GO:0031625;GO:0042976;GO:0002250;GO:0006915;GO:0043534;GO:0045453;GO:0007166;GO:0006968;GO:0071498;GO:0071300;GO:0070098;GO:0030865;GO:0086100;GO:0007173;GO:0048041;GO:0014009;GO:0007229;GO:0035235;GO:0060292;GO:0060291;GO:0000165;GO:0002315;GO:0043066;GO:0030502;GO:0008285;GO:0010656;GO:0045638;GO:0043524;GO:0043267;GO:0031175;GO:0001556;GO:0038083;GO:0018108;GO:0030838;GO:0045766;GO:2000538;GO:0030307;GO:0030335;GO:0008284;GO:0001954;GO:0007204;GO:2000573;GO:0010595;GO:0070374;GO:2000463;GO:0046330;GO:0010976;GO:0045429;GO:0050731;GO:0051897;GO:0045860;GO:2000379;GO:0051968;GO:0045727;GO:2000060;GO:0099170;GO:0046777;GO:0006468;GO:0065003;GO:0032956;GO:0030155;GO:0008360;GO:0010758;GO:2000310;GO:0099151;GO:0051279;GO:0048167;GO:2000058;GO:0051592;GO:0051591;GO:0043157;GO:0042220;GO:0045471;GO:0009749;GO:0009725;GO:0042542;GO:0001666;GO:0035902;GO:0002931;GO:0009612;GO:0009410;GO:0007172;GO:0007165;GO:0002040;GO:0043149;GO:0033209;GO:0048010
P51617,GO:0009986;GO:0005737;GO:0005829;GO:0010008;GO:0005811;GO:0005654;GO:0005634;GO:0005886;GO:0032991;GO:0005524;GO:0031072;GO:0042802;GO:0016301;GO:0004704;GO:0046982;GO:0042803;GO:0004672;GO:0019901;GO:0106310;GO:0004674;GO:0007250;GO:0007249;GO:0034605;GO:0071456;GO:0071222;GO:0045087;GO:0070498;GO:0038172;GO:0035556;GO:0007254;GO:0031663;GO:0002755;GO:0032088;GO:0043123;GO:1904996;GO:0051092;GO:0048661;GO:0032481;GO:0046777;GO:0006468;GO:0001959;GO:0070555;GO:0032496;GO:0008063;GO:0034134;GO:0034142;GO:0034162;GO:0002224;GO:0060337
O15264,GO:0005737;GO:0005829;GO:0005634;GO:0005524;GO:0004707;GO:0106310;GO:0004674;GO:0007049;GO:0072740;GO:0070301;GO:0071347;GO:1903936;GO:0072709;GO:0034644;GO:0035556;GO:0018105;GO:0050729;GO:0032755;GO:0006970;GO:0051403
Q9UEW8,GO:0016324;GO:0016323;GO:0044297;GO:0005938;GO:0005737;GO:0005829;GO:0043231;GO:0005654;GO:0005524;GO:0016301;GO:0106310;GO:0004674;GO:0006884;GO:0071474;GO:0071476;GO:1990869;GO:0035865;GO:0038146;GO:0006954;GO:0030644;GO:0035556;GO:0042116;GO:0036438;GO:1905408;GO:0090188;GO:1901380;GO:1901017;GO:2000650;GO:0018105;GO:0018107;GO:0032414;GO:1900745;GO:0010820;GO:0046777;GO:0006468;GO:0008217;GO:0050727;GO:0070294;GO:1904044;GO:0002021;GO:0007165;GO:0035725
O14920,GO:0035631;GO:0005737;GO:0009898;GO:0005829;GO:0008385;GO:0045121;GO:0005634;GO:0005524;GO:0042802;GO:0008384;GO:0046982;GO:0042803;GO:0004672;GO:0019901;GO:0106310;GO:0004674;GO:0097110;GO:1990459;GO:0002479;GO:0007249;GO:0071356;GO:0030866;GO:0038095;GO:0006954;GO:0045087;GO:0070498;GO:0002755;GO:1903347;GO:0035509;GO:0018105;GO:0043123;GO:0045893;GO:0051092;GO:0045944;GO:0072659;GO:0051604;GO:0006468;GO:1903140;GO:0042325;GO:0010803;GO:0009615;GO:0002223;GO:0051403;GO:0050852;GO:0034138;GO:0035666;GO:0033209
Q9BYT3,GO:0005737;GO:0005634;GO:0048471;GO:0005524;GO:0106310;GO:0004674;GO:0044773;GO:0046777
Q07912,GO:0005912;GO:0005905;GO:0030136;GO:0097268;GO:0005737;GO:0030659;GO:0005829;GO:0005768;GO:0070436;GO:0043231;GO:0016020;GO:0005634;GO:0048471;GO:0005886;GO:0005524;GO:0005154;GO:0005095;GO:0042802;GO:0046872;GO:0004715;GO:0106310;GO:0004674;GO:0004712;GO:0004713;GO:0031625;GO:0050699;GO:0007166;GO:0006897;GO:0016310;GO:0050731;GO:2000369;GO:0007264
Q9BWU1,GO:1990508;GO:0005829;GO:0005654;GO:0005634;GO:0048471;GO:0005524;GO:0004693;GO:0106310;GO:0004674;GO:0071222;GO:0016310;GO:0043065
P31751,GO:0005938;GO:0005829;GO:0005769;GO:0043231;GO:0005654;GO:0005634;GO:0005886;GO:0032991;GO:0032587;GO:0005524;GO:0046872;GO:0140677;GO:0106310;GO:0004674;GO:0008643;GO:0071486;GO:0032869;GO:0045444;GO:0006006;GO:0005978;GO:0008286;GO:0035556;GO:0060644;GO:0043066;GO:0010748;GO:0032287;GO:0016310;GO:0030335;GO:2000147;GO:0008284;GO:0032000;GO:0046326;GO:0010907;GO:0045725;GO:0010918;GO:0090314;GO:0072659;GO:0036211;GO:0051726;GO:0030334;GO:0006417;GO:0097473;GO:0007165
Q8IW41,GO:0005737;GO:0005829;GO:0005654;GO:0005634;GO:0032991;GO:0032156;GO:0005524;GO:0009931;GO:0005516;GO:0004683;GO:0004708;GO:0051019;GO:0002039;GO:0106310;GO:0004674;GO:0090398;GO:0032007;GO:0060999;GO:0051973;GO:1904355;GO:0032212;GO:0046777;GO:0007265;GO:1901796;GO:0006417;GO:0007165;GO:0090400
Q9UBE8,GO:0005737;GO:0005829;GO:0005654;GO:0005634;GO:0005524;GO:0140297;GO:0000287;GO:0004707;GO:0004672;GO:0106310;GO:0004674;GO:0042169;GO:0031625;GO:0071470;GO:0035556;GO:1904262;GO:0030178;GO:0018107;GO:0006468;GO:0050821;GO:0006355;GO:0042501;GO:0007179;GO:0007223
P30291,GO:0005737;GO:0005730;GO:0005654;GO:0005634;GO:0005524;GO:0000287;GO:0004715;GO:0004713;GO:0051301;GO:0030010;GO:0000086;GO:0000226;GO:2000134;GO:0048812;GO:0016310
P31749,GO:0005938;GO:0005911;GO:0036064;GO:0005737;GO:0005829;GO:0098978;GO:0030027;GO:0016020;GO:0015630;GO:0005739;GO:0005654;GO:0005634;GO:0005886;GO:0098794;GO:0032991;GO:0005819;GO:0031982;GO:0071889;GO:0005524;GO:0005516;GO:0019899;GO:0042802;GO:0016301;GO:0030235;GO:0005547;GO:0043325;GO:0099104;GO:0042803;GO:0004672;GO:0019901;GO:0106310;GO:0004674;GO:0030291;GO:0004712;GO:0006924;GO:0043276;GO:0008637;GO:0048266;GO:0007249;GO:0008643;GO:0030154;GO:0002042;GO:0008283;GO:0071276;GO:0036294;GO:0071364;GO:0097011;GO:0032869;GO:1990090;GO:0140052;GO:0071380;GO:0034614;GO:0071356;GO:0035924;GO:0019221;GO:0007173;GO:0072655;GO:0060079;GO:0097194;GO:0010761;GO:0007186;GO:0010467;GO:0042593;GO:0006006;GO:0005978;GO:0060709;GO:0006954;GO:0008286;GO:0048009;GO:0035655;GO:0035556;GO:0060716;GO:0031663;GO:0072656;GO:0022605;GO:0060644;GO:0001893;GO:0019049;GO:0043066;GO:0010507;GO:0160049;GO:1902018;GO:0043154;GO:0010951;GO:2001240;GO:0031999;GO:0010629;GO:1903038;GO:0010748;GO:2000402;GO:0016242;GO:0045746;GO:1902176;GO:0032091;GO:0006469;GO:0150033;GO:0071901;GO:0031397;GO:0045861;GO:0090201;GO:0006809;GO:0038061;GO:0001649;GO:0018105;GO:0018107;GO:0032287;GO:0043491;GO:0016310;GO:0043536;GO:0030307;GO:0008284;GO:0045737;GO:0051091;GO:0045893;GO:0032079;GO:0010595;GO:0001938;GO:0045600;GO:0010763;GO:1900087;GO:0010628;GO:0046326;GO:0010907;GO:0045725;GO:1903721;GO:0046889;GO:0010918;GO:0045429;GO:0051000;GO:0046622;GO:0033138;GO:0032436;GO:2000010;GO:1905552;GO:1900182;GO:1903078;GO:0051247;GO:0001934;GO:0048661;GO:0010765;GO:1904263;GO:0045944;GO:0043161;GO:0046777;GO:0006606;GO:0006468;GO:0016567;GO:0042981;GO:0030334;GO:0005979;GO:0043488;GO:0031641;GO:0010975;GO:0099175;GO:1901796;GO:0006417;GO:0110002;GO:2000074;GO:0034405;GO:0032094;GO:0070848;GO:0060416;GO:0009408;GO:1990418;GO:0006979;GO:0070141;GO:0007165;GO:0003376;GO:0051146;GO:0031295;GO:0031929
Q86V86,GO:0005737;GO:0005829;GO:0005524;GO:0106310;GO:0004674;GO:0006915;GO:0007049;GO:0043066;GO:0061179;GO:0006468;GO:0007346
O00418,GO:0005737;GO:0005829;GO:0043197;GO:0098978;GO:0014069;GO:0005524;GO:0005509;GO:0005516;GO:0004686;GO:0004672;GO:0008135;GO:0071454;GO:1990416;GO:0071277;GO:0071320;GO:0032869;GO:0031037;GO:0043066;GO:0061003;GO:0045807;GO:0051965;GO:0046777;GO:0031952;GO:0140245;GO:0002931;GO:1990637;GO:0006414
O15111,GO:0035631;GO:0005737;GO:0009898;GO:0005829;GO:0008385;GO:0005654;GO:0005524;GO:0008384;GO:0046982;GO:0042803;GO:0004672;GO:0004674;GO:0044877;GO:0097110;GO:1990459;GO:0009653;GO:0007249;GO:0071276;GO:0034614;GO:0071356;GO:0098586;GO:0007252;GO:0006955;GO:0006954;GO:0045087;GO:0032088;GO:0038061;GO:0043123;GO:0045893;GO:0032727;GO:0051092;GO:0045944;GO:0006468;GO:0010034;GO:0043200;GO:0061847;GO:0033194;GO:0032496;GO:0009636;GO:0009615;GO:0009410;GO:0007266;GO:0003009;GO:0051146;GO:0034142;GO:0033209
P53779,GO:0005737;GO:0005829;GO:0005739;GO:0005654;GO:0005634;GO:0005886;GO:0005524;GO:0004705;GO:0004708;GO:0106310;GO:0090398;GO:0038095;GO:0007254;GO:0006468;GO:0042752;GO:0009416;GO:0048511;GO:0007165
Q96PF2,GO:0001669;GO:0005814;GO:0005737;GO:0031588;GO:0005634;GO:0005524;GO:0000287;GO:0106310;GO:0004674;GO:0044877;GO:0042149;GO:0035556;GO:0032007;GO:0046777;GO:0006468;GO:0007286
P08631,GO:0005901;GO:0042995;GO:0009898;GO:0005856;GO:0005829;GO:0031234;GO:0005925;GO:0005794;GO:0043231;GO:0005764;GO:0005634;GO:0005886;GO:0030133;GO:0005524;GO:0008289;GO:0004715;GO:0001784;GO:0004713;GO:0005102;GO:0007155;GO:0030154;GO:0019221;GO:0038096;GO:0006954;GO:0045087;GO:0002758;GO:0007229;GO:0035556;GO:0043299;GO:0002522;GO:0031663;GO:0051179;GO:0007498;GO:0043066;GO:0002862;GO:0018108;GO:0030838;GO:0008284;GO:0046777;GO:0006468;GO:0032956;GO:0008360;GO:0051090;GO:0050727;GO:0050764;GO:0071801;GO:0045728;GO:0007169;GO:0060333
Q96L34,GO:0005813;GO:0036064;GO:0005737;GO:0005829;GO:0030425;GO:0000930;GO:0015630;GO:0005815;GO:0030496;GO:0043005;GO:0005524;GO:0008093;GO:0043015;GO:0008017;GO:0106310;GO:0004674;GO:0048156;GO:0050321;GO:0043130;GO:0007049;GO:0051301;GO:0044782;GO:0035556;GO:0001578;GO:0000226;GO:0007399;GO:0045787;GO:0045724;GO:1900227;GO:0043068;GO:1904781;GO:0006468;GO:0046605
Q9H0K1,GO:0005737;GO:0005789;GO:0005634;GO:0005524;GO:0000287;GO:0106310;GO:0004674;GO:0035556;GO:0046777;GO:0006468;GO:0046626
Q96RR4,GO:0005829;GO:0043005;GO:0005654;GO:0005524;GO:0005509;GO:0005516;GO:0004683;GO:0106310;GO:0004674;GO:0004713;GO:0019722;GO:0061762;GO:0034614;GO:0000165;GO:1903599;GO:0045893;GO:0001934;GO:0046777;GO:0006468;GO:0045859
